Study_ID,FW_ID,PFAS_ID,Breathing_type_fw,ln_TMF,ln_TMF_se
S_001,FW_001,PFHpA,"water and 
 air breathing",0.3576744442718159,0.4995004995004995
S_001,FW_001,PFOA,"water and 
 air breathing",1.1878434223960523,0.35465405674464917
S_001,FW_001,PFNA,"water and 
 air breathing",1.9501867058225735,0.3548930240659564
S_001,FW_001,PFDA,"water and 
 air breathing",2.1150499691472033,0.3951158267890993
S_001,FW_001,PFUnDA,"water and 
 air breathing",2.0769384114617173,0.25254462687330564
S_001,FW_001,PFDoDA,"water and 
 air breathing",1.5665304114228238,0.21089855566443694
S_001,FW_001,PFTeDA,"water and 
 air breathing",0.8628899551470398,0.2604839404116076
S_001,FW_001,PFOS,"water and 
 air breathing",2.856470206220483,0.4134412385643913
S_001,FW_001,FOSA,"water and 
 air breathing",1.6272778305624314,0.5893909626719058
S_001,FW_001,PFHpA,"water and 
 air breathing",-0.2744368457017603,0.40950590762620837
S_001,FW_001,PFOA,"water and 
 air breathing",0.6575200029167941,0.3277995135878186
S_001,FW_001,PFNA,"water and 
 air breathing",1.4422019930581866,0.39682539682539686
S_001,FW_001,PFDA,"water and 
 air breathing",1.5706970841176697,0.39034324748610466
S_001,FW_001,PFUnDA,"water and 
 air breathing",1.5665304114228238,0.2865237953218866
S_001,FW_001,br-PFDoDA,"water and 
 air breathing",1.085189268335969,0.24476006618863763
S_001,FW_001,PFTeDA,"water and 
 air breathing",0.6780335427498971,0.284885527815187
S_001,FW_001,PFOS,"water and 
 air breathing",2.3978952727983707,0.48701298701298695
S_001,FW_001,FOSA,"water and 
 air breathing",1.4951487660319727,0.7412830603093254
S_001,FW_002,PFHpA,"water breathing 
 only",-0.2876820724517809,0.8231292517006802
S_001,FW_002,PFOA,"water breathing 
 only",-0.916290731874155,0.29336734693877553
S_001,FW_002,PFNA,"water breathing 
 only",-0.4620354595965587,0.7045675413022351
S_001,FW_002,PFDA,"water breathing 
 only",-0.5108256237659907,0.5102040816326531
S_001,FW_002,PFUnDA,"water breathing 
 only",0.08617769624105241,0.38850402546339635
S_001,FW_002,PFDoDA,"water breathing 
 only",0.009950330853168092,0.36876136593251163
S_001,FW_002,PFTeDA,"water breathing 
 only",-1.0788096613719298,0.3751500600240095
S_001,FW_002,PFOS,"water breathing 
 only",-0.7550225842780328,0.6296135475466783
S_001,FW_002,FOSA,"water breathing 
 only",1.5107219394949427,0.8638554759652205
S_002,FW_003,PFNA,"water and 
 air breathing",2.2925347571405443,0.45351473922902497
S_002,FW_003,PFDA,"water and 
 air breathing",1.7404661748405046,0.2685284640171858
S_002,FW_003,PFUnDA,"water and 
 air breathing",0.9555114450274363,0.11773940345368919
S_002,FW_003,PFDoDA,"water and 
 air breathing",0.3364722366212129,0.4373177842565598
S_002,FW_003,PFTrDA,"water and 
 air breathing",-0.10536051565782628,0.1133786848072562
S_002,FW_003,PFTeDA,"water and 
 air breathing",0.6418538861723947,0.21482277121374863
S_002,FW_003,PFHxS,"water and 
 air breathing",0.4054651081081644,0.13605442176870744
S_002,FW_003,PFHpS,"water and 
 air breathing",-0.5108256237659907,0.08503401360544216
S_002,FW_003,l-PFOS,"water and 
 air breathing",-0.21072103131565253,0.11337868480725627
S_002,FW_003,br-PFOS,"water and 
 air breathing",0.3364722366212129,0.36443148688046645
S_002,FW_003,PFOS,"water and 
 air breathing",0.8754687373538999,0.6377551020408163
S_002,FW_003,PFDS,"water and 
 air breathing",-1.9661128563728327,0.4008746355685131
S_002,FW_003,6:2 FTSA,"water and 
 air breathing",-2.3025850929940455,0.5102040816326531
S_002,FW_003,FOSA,"water and 
 air breathing",0.26236426446749106,0.11773940345368919
S_002,FW_003,NMeFOSAA,"water and 
 air breathing",0.1823215567939546,0.27636054421768713
S_002,FW_004,PFNA,"water and 
 air breathing",0.3364722366212129,1.676384839650146
S_002,FW_004,PFDA,"water and 
 air breathing",2.388762789235098,1.366785246208575
S_002,FW_004,PFUnDA,"water and 
 air breathing",1.4350845252893227,0.4737609329446063
S_002,FW_004,PFDoDA,"water and 
 air breathing",0.7419373447293773,0.5830903790087464
S_002,FW_004,PFTrDA,"water and 
 air breathing",0.5877866649021191,0.42517006802721086
S_002,FW_004,PFTeDA,"water and 
 air breathing",-0.35667494393873245,1.6763848396501457
S_002,FW_004,l-PFOS,"water and 
 air breathing",0.8754687373538999,0.06377551020408169
S_002,FW_004,br-PFOS,"water and 
 air breathing",2.1162555148025524,0.19055815097123188
S_002,FW_004,PFOS,"water and 
 air breathing",0.9555114450274363,0.058869701726844637
S_002,FW_004,PFDS,"water and 
 air breathing",2.884800712846709,1.6246722152548172
S_002,FW_004,FOSA,"water and 
 air breathing",-0.5108256237659907,0.08503401360544216
S_002,FW_005,PFOA,"water and 
 air breathing",-0.6931471805599453,0.20408163265306117
S_002,FW_005,PFNA,"water and 
 air breathing",1.1314021114911006,0.11520737327188943
S_002,FW_005,PFDA,"water and 
 air breathing",0.9555114450274363,0.11773940345368919
S_002,FW_005,PFUnDA,"water and 
 air breathing",0.8754687373538999,0.14880952380952386
S_002,FW_005,PFDoDA,"water and 
 air breathing",0.5877866649021191,0.17006802721088438
S_002,FW_005,PFTrDA,"water and 
 air breathing",0.6418538861723947,0.18796992481203004
S_002,FW_005,PFTeDA,"water and 
 air breathing",0.7419373447293773,0.14577259475218657
S_002,FW_005,PFHxS,"water and 
 air breathing",1.308332819650179,0.3447324875896305
S_002,FW_005,PFHpS,"water and 
 air breathing",2.1162555148025524,0.362675190558151
S_002,FW_005,l-PFOS,"water and 
 air breathing",1.1939224684724346,0.20098948670377242
S_002,FW_005,br-PFOS,"water and 
 air breathing",0.6418538861723947,0.24167561761546721
S_002,FW_005,PFOS,"water and 
 air breathing",1.1314021114911006,0.19749835418038186
S_002,FW_005,PFDS,"water and 
 air breathing",0.7419373447293773,0.14577259475218657
S_002,FW_005,6:2 FTSA,"water and 
 air breathing",-0.6931471805599453,0.10204081632653059
S_002,FW_005,FOSA,"water and 
 air breathing",-0.35667494393873245,0.07288629737609328
S_002,FW_005,NMeFOSAA,"water and 
 air breathing",0.8329091229351039,0.17746228926353155
S_002,FW_005,NEtFOSAA,"water and 
 air breathing",-0.916290731874155,0.1275510204081632
S_002,FW_006,PFOA,"water and 
 air breathing",-0.5621189181535413,1.163623344074472
S_002,FW_006,PFNA,"water and 
 air breathing",1.5040773967762742,0.47619047619047605
S_002,FW_006,PFDA,"water and 
 air breathing",1.1939224684724346,0.2937538651824366
S_002,FW_006,PFUnDA,"water and 
 air breathing",0.9162907318741551,0.32653061224489793
S_002,FW_006,PFDoDA,"water and 
 air breathing",0.7419373447293773,0.315840621963071
S_002,FW_006,PFTrDA,"water and 
 air breathing",0.9162907318741551,0.40816326530612246
S_002,FW_006,PFTeDA,"water and 
 air breathing",1.0296194171811581,0.41909620991253643
S_002,FW_006,PFHxS,"water and 
 air breathing",-0.916290731874155,0.6377551020408163
S_002,FW_006,l-PFOS,"water and 
 air breathing",1.5040773967762742,0.32879818594104315
S_002,FW_006,br-PFOS,"water and 
 air breathing",1.0296194171811581,0.3826530612244897
S_002,FW_006,PFOS,"water and 
 air breathing",1.410986973710262,0.33598805375808866
S_002,FW_006,PFDS,"water and 
 air breathing",0.7419373447293773,0.09718172983479104
S_002,FW_006,6:2 FTSA,"water and 
 air breathing",0.5877866649021191,1.1394557823129252
S_002,FW_006,FOSA,"water and 
 air breathing",1.7749523509116738,0.15565548253199582
S_002,FW_006,NMeFOSAA,"water and 
 air breathing",0.5877866649021191,1.082766439909297
S_002,FW_007,PFOA,"water and 
 air breathing",-0.916290731874155,1.0204081632653061
S_002,FW_007,PFNA,"water and 
 air breathing",-0.4942963218147801,0.06691201070592177
S_002,FW_007,PFDA,"water and 
 air breathing",1.1631508098056809,0.0637755102040816
S_002,FW_007,PFUnDA,"water and 
 air breathing",1.2237754316221157,0.10504201680672273
S_002,FW_007,PFDoDA,"water and 
 air breathing",0.9932517730102834,0.1700680272108844
S_002,FW_007,PFTrDA,"water and 
 air breathing",2.7013612129514133,0.2568141350499932
S_002,FW_007,PFTeDA,"water and 
 air breathing",0.3364722366212129,0.18221574344023325
S_002,FW_007,PFHxS,"water and 
 air breathing",-0.2231435513142097,0.19132653061224492
S_002,FW_007,PFHpS,"water and 
 air breathing",0.1823215567939546,0.23384353741496602
S_002,FW_007,l-PFOS,"water and 
 air breathing",0.9555114450274363,0.058869701726844637
S_002,FW_007,br-PFOS,"water and 
 air breathing",1.0986122886681098,0.01700680272108845
S_002,FW_007,PFOS,"water and 
 air breathing",0.9555114450274363,0.039246467817896424
S_002,FW_007,PFDS,"water and 
 air breathing",1.0986122886681098,0.20408163265306126
S_002,FW_007,FOSA,"water and 
 air breathing",0.09531017980432493,0.10204081632653059
S_002,FW_007,NMeFOSAA,"water and 
 air breathing",-0.6931471805599453,0.10204081632653059
S_002,FW_007,NEtFOSAA,"water and 
 air breathing",-0.4462871026284195,0.7812499999999999
S_003,FW_008,PFOA,"water and 
 air breathing",0.4149999999999999,1.0323314892509021
S_003,FW_008,PFNA,"water and 
 air breathing",0.547,0.9172287441073377
S_003,FW_008,PFDA,"water and 
 air breathing",0.888,0.6175470617646801
S_003,FW_008,PFUnDA,"water and 
 air breathing",0.542,0.9170594387192382
S_003,FW_008,PFDoDA,"water and 
 air breathing",0.984,0.5194420625870482
S_003,FW_008,PFOS,"water and 
 air breathing",1.24,0.39534360742609986
S_003,FW_009,PFOA,"water and 
 air breathing",0.7579999999999999,0.6156971967642851
S_003,FW_009,PFNA,"water and 
 air breathing",0.7839999999999999,0.6344479679482282
S_003,FW_009,PFDA,"water and 
 air breathing",0.926,0.5909641046815625
S_003,FW_009,PFUnDA,"water and 
 air breathing",0.8119999999999999,0.6156971967642851
S_003,FW_009,PFDoDA,"water and 
 air breathing",1.14,0.44352549188520957
S_003,FW_009,PFOS,"water and 
 air breathing",1.32,0.35063832495169295
S_004,FW_010,PFOS,"water and 
 air breathing",1.0986122886681098,1.1122448979591837
S_004,FW_010,PFNA,"water and 
 air breathing",-0.24292272731087183,2.7529606261551383
S_004,FW_010,PFDA,"water and 
 air breathing",1.0686297416585366,0.46376716812406177
S_004,FW_010,PFUnDA,"water and 
 air breathing",0.20341036711509392,1.2038711306250425
S_004,FW_010,PFDoDA,"water and 
 air breathing",0.1494838242371734,1.3488697027552745
S_004,FW_011,PFOS,"water breathing 
 only",0.13693473548035598,1.3042774929124774
S_004,FW_011,PFDA,"water breathing 
 only",0.5102528566074804,0.7919540789912783
S_004,FW_011,PFUnDA,"water breathing 
 only",0.5318971564816246,0.8556575760980932
S_004,FW_011,PFDoDA,"water breathing 
 only",0.21478513747448458,1.2710130217515097
S_005,FW_012,PFOA,"water and 
 air breathing",2.5649493574615367,1.6923076923076923
S_005,FW_012,PFNA,"water and 
 air breathing",1.547562508716013,1.7872340425531914
S_005,FW_012,PFDA,"water and 
 air breathing",1.2237754316221157,1.5
S_005,FW_012,PFUnDA,"water and 
 air breathing",1.0986122886681098,1.3
S_005,FW_012,PFDoDA,"water and 
 air breathing",-0.35667494393873245,1.142857142857143
S_005,FW_012,PFHxS,"water and 
 air breathing",-1.6094379124341003,4.5
S_005,FW_012,FOSA,"water and 
 air breathing",1.7749523509116738,1.4915254237288136
S_005,FW_012,PFOS,"water and 
 air breathing",1.589235205116581,1.2448979591836733
S_005,FW_012,PFOA,"water and 
 air breathing",1.840549633397487,1.0634920634920635
S_005,FW_012,PFNA,"water and 
 air breathing",0.8754687373538999,1.2916666666666667
S_005,FW_012,PFDA,"water and 
 air breathing",0.7884573603642703,1.0909090909090908
S_005,FW_012,PFUnDA,"water and 
 air breathing",0.8329091229351039,1.0869565217391306
S_005,FW_012,PFDoDA,"water and 
 air breathing",-0.5108256237659907,1.3333333333333335
S_005,FW_012,PFHxS,"water and 
 air breathing",-2.3025850929940455,4
S_005,FW_012,FOSA,"water and 
 air breathing",1.6094379124341003,1.4
S_005,FW_012,PFOS,"water and 
 air breathing",0.5877866649021191,0.6666666666666666
S_005,FW_013,PFOS,"water and 
 air breathing",2.3978952727983707,1.2727272727272727
S_005,FW_014,PFOS,"water and 
 air breathing",2.066862759472976,NA
S_005,FW_013,PFOS,"water and 
 air breathing",1.840549633397487,0.9365079365079366
S_005,FW_014,PFOS,"water and 
 air breathing",0.3364722366212129,NA
S_006,FW_018,l-PFOS,"water and 
 air breathing",1.308332819650179,0.254054054054054
S_006,FW_018,mm-PFOS,"water and 
 air breathing",1.0986122886681098,0.19666666666666666
S_006,FW_018,dm-PFOS,"water and 
 air breathing",-0.13926206733350766,0.13793103448275862
S_006,FW_018,PFOS,"water and 
 air breathing",1.33500106673234,0.2578947368421053
S_006,FW_019,l-PFOS,"water and 
 air breathing",1.3609765531356006,0.2
S_006,FW_019,mm-PFOS,"water and 
 air breathing",1.0296194171811581,0.18571428571428572
S_006,FW_019,dm-PFOS,"water and 
 air breathing",-0.2613647641344075,0.11688311688311688
S_006,FW_019,PFOS,"water and 
 air breathing",1.4350845252893227,0.20714285714285713
S_007,FW_020,PFOA,"water and 
 air breathing",0.7419373447293773,0.4373177842565598
S_007,FW_020,PFNA,"water and 
 air breathing",1.33500106673234,0.44307196562835666
S_007,FW_020,PFDA,"water and 
 air breathing",1.840549633397487,0.7126660187884679
S_007,FW_020,PFUnDA,"water and 
 air breathing",2.617395832834079,0.9422016981975272
S_007,FW_020,PFOS,"water and 
 air breathing",1.840549633397487,1.1499838030450276
S_007,FW_020,FOSA,"water and 
 air breathing",0.6418538861723947,0.21482277121374863
S_007,FW_020,PFNA,"water and 
 air breathing",1.5686159179138452,1.1479591836734693
S_007,FW_020,PFDA,"water and 
 air breathing",2.9856819377004897,0.08503401360544217
S_007,FW_020,PFOS,"water and 
 air breathing",2.975529566236472,2.246459808413161
S_008,FW_022,PFOS,"water and 
 air breathing",1.14,0.4287053362566154
S_009,FW_023,PFOS,"water and 
 air breathing",0.26236426446749106,0.9877118589905702
S_009,FW_023,PFTeDA,"water and 
 air breathing",0.11332868530700327,1.2957896715447559
S_009,FW_023,PFDoDA,"water and 
 air breathing",0.3220834991691132,0.9399962270183018
S_009,FW_023,PFUnDA,"water and 
 air breathing",0.5538851132264376,0.8958273608398438
S_009,FW_023,PFDA,"water and 
 air breathing",0.4054651081081644,0.9724719105109957
S_009,FW_023,PFNA,"water and 
 air breathing",0,1.052344369479762
S_009,FW_023,PFOA,"water and 
 air breathing",0,1.0310856176536836
S_009,FW_023,NEtFOSAA,"water and 
 air breathing",0.01980262729617973,1.0912678984746285
S_009,FW_023,7:3 FTCA,"water and 
 air breathing",-0.08338160893905101,1.3195082904421924
S_010,FW_024,PFOA,"water and 
 air breathing",0.6931471805599453,0.051020408163265356
S_010,FW_024,PFNA,"water and 
 air breathing",0.4054651081081644,0.0680272108843538
S_010,FW_024,PFDA,"water and 
 air breathing",0.1823215567939546,0.04251700680272103
S_010,FW_024,PFUnDA,"water and 
 air breathing",0.09531017980432493,0.09276437847866416
S_010,FW_024,PFDoDA,"water and 
 air breathing",0.1823215567939546,0.04251700680272113
S_010,FW_024,PFTrDA,"water and 
 air breathing",0.09531017980432493,0.09740259740259738
S_010,FW_024,PFTeDA,"water and 
 air breathing",-0.23572233352106983,0.14854042882975974
S_010,FW_024,PFHxS,"water and 
 air breathing",0.7884573603642703,0.11595547309833024
S_010,FW_024,br-PFOS,"water and 
 air breathing",0.7884573603642703,0.06957328385899811
S_010,FW_024,l-PFOS,"water and 
 air breathing",0.4054651081081644,0.0340136054421769
S_010,FW_024,MeFOSAA,"water and 
 air breathing",-0.13926206733350766,0.4222378606615061
S_010,FW_024,FOSA,"water and 
 air breathing",0.6418538861723947,0.02685284640171861
S_010,FW_025,PFOA,"water and 
 air breathing",1.791759469228055,0.19557823129251697
S_010,FW_025,PFNA,"water and 
 air breathing",1.1314021114911006,0.13166556945358784
S_010,FW_025,PFDA,"water and 
 air breathing",0.5306282510621704,0.09003601440576225
S_010,FW_025,PFUnDA,"water and 
 air breathing",0.5877866649021191,0.1133786848072562
S_010,FW_025,PFDoDA,"water and 
 air breathing",0.09531017980432493,0.12059369202226344
S_010,FW_025,PFTrDA,"water and 
 air breathing",-0.4155154439616658,0.29375386518243657
S_010,FW_025,PFTeDA,"water and 
 air breathing",-1.1086626245216111,0.5256648113790972
S_010,FW_025,PFHxS,"water and 
 air breathing",1.4586150226995167,0.18984337921214994
S_010,FW_025,br-PFOS,"water and 
 air breathing",1.3609765531356006,0.17006802721088435
S_010,FW_025,l-PFOS,"water and 
 air breathing",0.9162907318741551,0.06122448979591842
S_010,FW_025,FOSA,"water and 
 air breathing",0.8329091229351039,0.04436557231588282
S_010,FW_026,PFOA,"water and 
 air breathing",0,0.0969387755102041
S_010,FW_026,PFNA,"water and 
 air breathing",-0.12783337150988489,0.09276437847866416
S_010,FW_026,PFDA,"water and 
 air breathing",-0.040821994520255166,0.04783163265306121
S_010,FW_026,PFUnDA,"water and 
 air breathing",-0.07257069283483537,0.07680491551459294
S_010,FW_026,PFDoDA,"water and 
 air breathing",0.26236426446749106,0.1177394034536891
S_010,FW_026,PFTrDA,"water and 
 air breathing",-0.040821994520255166,0.05846088435374149
S_010,FW_026,PFTeDA,"water and 
 air breathing",0.1823215567939546,0.21258503401360546
S_010,FW_026,PFHxS,"water and 
 air breathing",0.4054651081081644,0.2380952380952381
S_010,FW_026,br-PFOS,"water and 
 air breathing",0.4054651081081644,0.10204081632653063
S_010,FW_026,l-PFOS,"water and 
 air breathing",-0.06187540371808753,0.027138514980460233
S_010,FW_026,MeFOSAA,"water and 
 air breathing",-1.7147984280919266,0.963718820861678
S_010,FW_026,FOSA,"water and 
 air breathing",0.1823215567939546,0.021258503401360564
S_011,FW_027,PFHxA,"water and 
 air breathing",-1.4736544595161893,5.586539285461238
S_011,FW_027,PFOA,"water and 
 air breathing",-0.5756462732485115,1.999955848414893
S_011,FW_027,PFNA,"water and 
 air breathing",0.4605170185988092,0.669129541572467
S_011,FW_027,PFDA,"water and 
 air breathing",0.9440598881275586,0.45323822556886484
S_011,FW_027,PFUnDA,"water and 
 air breathing",0.7828789316179755,0.4790801350023379
S_011,FW_027,PFDoDA,"water and 
 air breathing",0.8749823353377373,0.43692627604222484
S_011,FW_027,PFTrDA,"water and 
 air breathing",1.059189142777261,0.36341944705472745
S_011,FW_027,PFTeDA,"water and 
 air breathing",1.059189142777261,0.36341944705472745
S_011,FW_027,PFHxS,"water and 
 air breathing",0.16118095650958317,1.0271471206708236
S_011,FW_027,PFHpS,"water and 
 air breathing",0.43749116766886875,0.7261400790685669
S_011,FW_027,PFOS,"water and 
 air breathing",0.43749116766886875,0.6847155708191389
S_011,FW_027,l-PFOS,"water and 
 air breathing",0.4605170185988092,0.6770367527794676
S_011,FW_027,br-PFOS,"water and 
 air breathing",0.6216979751083924,0.5899515228682072
S_011,FW_027,PFDS,"water and 
 air breathing",1.7039129688155938,0.19072523701416827
S_011,FW_027,6:2 FTSA,"water and 
 air breathing",-0.552620422318571,1.9090457069612643
S_011,FW_027,8:2 FTSA,"water and 
 air breathing",0.2302585092994046,0.8624109968952764
S_011,FW_027,10:2 FTSA,"water and 
 air breathing",1.1052408446371418,0.3350441511010724
S_011,FW_027,FOSA,"water and 
 air breathing",0.9210340371976182,0.4221921986638128
S_011,FW_027,FOSAA,"water and 
 air breathing",-0.43749116766886864,1.9590287803836328
S_011,FW_027,MeFOSAA,"water and 
 air breathing",0.3914394658089878,0.7427049638654538
S_011,FW_027,EtFOSAA,"water and 
 air breathing",0.3684136148790473,0.787267727908159
S_011,FW_027,6:2 diPAP,"water and 
 air breathing",0.16118095650958317,0.9240900322224982
S_012,FW_028,l-PFOS,"water and 
 air breathing",0.4252677354043441,0.026677337601707374
S_012,FW_028,br-PFOS,"water and 
 air breathing",0.4252677354043441,0.05335467520341475
S_012,FW_028,PFTrDA,"water and 
 air breathing",-0.941608539858445,0.026164311878597617
S_012,FW_028,l-FOSA,"water and 
 air breathing",-0.4462871026284195,0.031887755102040845
S_012,FW_028,br-FOSA,"water and 
 air breathing",-0.18632957819149348,0.061470371281042525
S_012,FW_028,PFUnDA,"water and 
 air breathing",-0.8915981192837836,0.049776007964161255
S_012,FW_028,PFDoDA,"water and 
 air breathing",-0.06187540371808753,0.06513243595310465
S_012,FW_028,PFTeDA,"water and 
 air breathing",-0.4780358009429998,0.26333113890717585
S_012,FW_028,PFNA,"water and 
 air breathing",0.29266961396282004,0.05711239719768501
S_012,FW_028,l-EtFOSA,"water and 
 air breathing",0.5877866649021191,0.04818594104308388
S_012,FW_028,br-EtFOSA,"water and 
 air breathing",0.47000362924573563,0.15306122448979598
S_012,FW_029,PFNA,"water and 
 air breathing",1.3737155789130306,0.8305347455437873
S_012,FW_029,PFUnDA,"water and 
 air breathing",0.8628899551470398,0.6070782743477138
S_012,FW_029,PFDoDA,"water and 
 air breathing",1.1474024528375417,1.0349854227405249
S_012,FW_029,PFTrDA,"water and 
 air breathing",-0.6348782724359695,0.16365036580670003
S_012,FW_029,PFTeDA,"water and 
 air breathing",-0.8209805520698302,0.5449907235621521
S_012,FW_029,l-PFOS,"water and 
 air breathing",1.169381359556317,0.3058055520344784
S_012,FW_029,br-PFOS,"water and 
 air breathing",2.1770218700187,0.5680503493914573
S_012,FW_029,l-FOSA,"water and 
 air breathing",0.6097655716208943,0.3355146406388642
S_012,FW_029,l-EtFOSA,"water and 
 air breathing",0.9745596399981308,0.37158259530227183
S_012,FW_029,br-EtFOSA,"water and 
 air breathing",1.6409365794934714,1.730343300110742
S_012,FW_030,PFNA,"water and 
 air breathing",-0.01005033585350145,0.23191094619666047
S_012,FW_030,PFUnDA,"water and 
 air breathing",0.598836501088704,0.17380578605068397
S_012,FW_030,PFDoDA,"water and 
 air breathing",0.712949807856125,0.1825730292116847
S_012,FW_030,PFTrDA,"water and 
 air breathing",0.4054651081081644,0.2278911564625851
S_012,FW_030,PFTeDA,"water and 
 air breathing",0.35065687161316933,0.29103190572003446
S_012,FW_030,l-PFOS,"water and 
 air breathing",0.9707789171582248,0.1835961657390229
S_012,FW_030,br-PFOS,"water and 
 air breathing",0.2700271372130602,0.27262813522355506
S_012,FW_030,l-FOSA,"water and 
 air breathing",0.43178241642553783,0.20540683805989926
S_012,FW_030,l-EtFOSA,"water and 
 air breathing",-1.5141277326297755,0.39424860853432286
S_012,FW_030,br-EtFOSA,"water and 
 air breathing",-2.5257286443082556,1.403061224489796
S_013,FW_031,FOSA,"water and 
 air breathing",-0.6733445532637656,3.07804468625768
S_013,FW_032,PFOS,"water and 
 air breathing",0.62057648772511,NA
S_013,FW_032,PFOA,"water and 
 air breathing",-0.9942522733438669,NA
S_013,FW_032,PFNA,"water and 
 air breathing",0,NA
S_013,FW_032,PFDA,"water and 
 air breathing",0,NA
S_013,FW_032,PFUnDA,"water and 
 air breathing",0,NA
S_013,FW_032,PFDoDA,"water and 
 air breathing",0,NA
S_013,FW_032,PFTrDA,"water and 
 air breathing",0,NA
S_013,FW_032,PFTeDA,"water and 
 air breathing",-0.843970070294529,NA
S_013,FW_033,PFOS,"water and 
 air breathing",1.7715567619105355,0.4199226873958932
S_013,FW_033,PFOA,"water and 
 air breathing",-0.5447271754416722,1.3057793168250669
S_013,FW_033,PFNA,"water and 
 air breathing",0,1
S_013,FW_033,PFDA,"water and 
 air breathing",1.3001916620664788,0.5289737980225051
S_013,FW_033,PFUnDA,"water and 
 air breathing",1.5496879080283263,0.4681267046296374
S_013,FW_033,PFDoDA,"water and 
 air breathing",0,1
S_013,FW_033,PFTrDA,"water and 
 air breathing",0.8960880245566357,0.6447505018619077
S_013,FW_033,PFTeDA,"water and 
 air breathing",0,1
S_014,FW_034,PFOS,"water and 
 air breathing",1.09,0.468253228374803
S_014,FW_034,PFNA,"water and 
 air breathing",0.7299999999999999,0.6993918016168079
S_014,FW_034,PFDA,"water and 
 air breathing",1.31,0.40176519770108965
S_014,FW_034,PFUnDA,"water and 
 air breathing",1.12,0.4862646255763573
S_014,FW_034,PFDoDA,"water and 
 air breathing",0.8699999999999999,0.6530417001027037
S_015,FW_035,l-PFOA,"water and 
 air breathing",0.45107561936021673,1.020905769012855
S_015,FW_035,br-PFOA,"water and 
 air breathing",0.7654678421395714,0.7589683460891025
S_015,FW_035,PFNA,"water and 
 air breathing",0.6418538861723947,0.7171250435234314
S_015,FW_035,l-PFDA,"water and 
 air breathing",0.959350221334602,0.5432346462163561
S_015,FW_035,br-PFDA,"water and 
 air breathing",0.5766133643039938,0.8585886058422791
S_015,FW_035,PFUnDA,"water and 
 air breathing",1.324418957401803,0.45844100707394103
S_015,FW_035,l-PFDoDA,"water and 
 air breathing",1.5851452198650557,0.36884919373940994
S_015,FW_035,br-PFDoDA,"water and 
 air breathing",0.7561219797213337,0.9358098619523598
S_015,FW_035,PFTrDA,"water and 
 air breathing",1.5644405465033646,0.3365519291114777
S_015,FW_035,l-PFTeDA,"water and 
 air breathing",1.5830939370944985,0.3322101942756943
S_015,FW_035,br-PFTeDA,"water and 
 air breathing",0.35065687161316933,1.0464835966539072
S_016,FW_036,Cl-PFESA,"water and 
 air breathing",1.2149127443642704,0.5515361393731957
S_016,FW_036,PFOS,"water and 
 air breathing",1.3711807233098425,0.5108977194721008
S_017,FW_037,PFBA,"water and 
 air breathing",0.24900000000000003,0.8851865641641244
S_017,FW_037,PFPeA,"water and 
 air breathing",-0.135,NA
S_017,FW_037,PFHxA,"water and 
 air breathing",-1.545,NA
S_017,FW_037,PFHpA,"water and 
 air breathing",0.058999999999999934,NA
S_017,FW_037,PFOA,"water and 
 air breathing",0.19099999999999995,1.9967083505948076
S_017,FW_037,PFNA,"water and 
 air breathing",0.507,0.9485697074536595
S_017,FW_037,PFDA,"water and 
 air breathing",0.528,0.723961204550137
S_017,FW_037,PFUnDA,"water and 
 air breathing",0.422,0.8132717892525708
S_017,FW_037,PFDoDA,"water and 
 air breathing",0.35400000000000004,0.8408143132037718
S_017,FW_037,PFTrDA,"water and 
 air breathing",0.34299999999999997,0.8453565531146218
S_017,FW_037,PFTeDA,"water and 
 air breathing",0.3410000000000001,NA
S_017,FW_037,PFHxDA,"water and 
 air breathing",0.08000000000000007,NA
S_017,FW_037,PFODA,"water and 
 air breathing",0.261,NA
S_017,FW_037,PFBS,"water and 
 air breathing",0.32099999999999995,NA
S_017,FW_037,PFOS,"water and 
 air breathing",0.3559999999999999,0.8042926495891346
S_017,FW_037,PFDS,"water and 
 air breathing",0.11899999999999995,NA
S_019,FW_040,PFHxS,"water and 
 air breathing",0.7371640659767196,0.6971497973911908
S_019,FW_040,PFOS,"water and 
 air breathing",1.0715836162801904,0.5918662221243822
S_019,FW_040,PFBA,"water and 
 air breathing",0.4190704869249162,1.2723306813254591
S_020,FW_041,PFTeDA,"water and 
 air breathing",-1.6094379124341003,2.1996121105337783
S_020,FW_041,l-PFOS,"water and 
 air breathing",1.308332819650179,0.5110505970657936
S_020,FW_041,FOSAA,"water and 
 air breathing",-0.6931471805599453,2
S_020,FW_042,PFDA,"water and 
 air breathing",0.5877866649021191,0.6979599956182111
S_020,FW_042,PFUnDA,"water and 
 air breathing",-0.6931471805599453,2
S_020,FW_042,PFDoDA,"water and 
 air breathing",-1.2039728043259361,3.3333333333333335
S_020,FW_042,PFTrDA,"water and 
 air breathing",-2.3025850929940455,10
S_020,FW_042,PFTeDA,"water and 
 air breathing",-1.6094379124341003,5
S_020,FW_042,l-PFOS,"water and 
 air breathing",2.2300144001592104,0.4171698148091182
S_021,FW_043,PFDA,"water and 
 air breathing",1.3941,0.3789203598934784
S_021,FW_043,PFUnDA,"water and 
 air breathing",1.5673,0.33588270294581746
S_021,FW_043,PFDoDA,"water and 
 air breathing",1.3671,0.3861093724134816
S_021,FW_043,PFOS,"water and 
 air breathing",1.4728,0.35872037823534686
S_022,FW_044,PFOA,"water and 
 air breathing",0.09531017980432493,1.0902865563848108
S_022,FW_045,PFOA,"water and 
 air breathing",0.2468600779315258,0.9865317296908516
S_023,FW_046,PFBA,"water and 
 air breathing",-0.7133498878774648,4.204398959836755
S_023,FW_046,PFHxA,"water and 
 air breathing",-3.912023005428146,0.6208198482336764
S_023,FW_046,PFOA,"water and 
 air breathing",-1.6094379124341003,0.7626448557712978
S_023,FW_046,PFUnDA,"water and 
 air breathing",-0.2744368457017603,7.316214127550863
S_023,FW_046,PFTrDA,"water and 
 air breathing",-0.2876820724517809,5.1172747669773
S_023,FW_046,PFBS,"water and 
 air breathing",-0.916290731874155,0.8400571964557929
S_023,FW_046,PFOS,"water and 
 air breathing",0.45107561936021673,2.3615674140147203
S_024,FW_047,HFPO-TeA,"water and 
 air breathing",1.0822149937072014,0.5127846480031661
S_024,FW_047,HFPO-TrA,"water and 
 air breathing",1.6578612669557127,0.39297052754449113
S_024,FW_047,PFO5DoA,"water and 
 air breathing",1.7269388197455344,0.17782794100389226
S_024,FW_047,H-PFMO2OSA,"water and 
 air breathing",0.9901115899874396,0.518670443211123
S_024,FW_047,PFOS,"water and 
 air breathing",0.4835428695287496,0.7802827974566835
S_024,FW_047,PFMOAA,"water and 
 air breathing",-1.3354993539365465,1.1328990147254698
S_024,FW_047,PFBA,"water and 
 air breathing",-1.0131374409173801,1.1842487953310739
S_025,FW_048,PFOA,"water and 
 air breathing",-1.0384583658483626,1.8875892532735663
S_025,FW_048,PFNA,"water and 
 air breathing",-1.4044583317475619,7.026926941833786
S_025,FW_048,PFOS,"water and 
 air breathing",0.5618418797819551,0.7091236108291881
S_025,FW_048,F53B,"water and 
 air breathing",0.5249651873197099,0.7253133951261261
S_025,FW_048,PFDA,"water and 
 air breathing",-0.05297892479088662,1.1816286254123831
S_025,FW_048,PFUnDA,"water and 
 air breathing",-0.2878154146747933,1.5404263461152616
S_025,FW_048,FOSA,"water and 
 air breathing",-0.28555101144282674,1.561055285907668
S_025,FW_048,PFDoDA,"water and 
 air breathing",-0.5549516818085458,2.160600904506862
S_025,FW_048,PFTrDA,"water and 
 air breathing",0.052971884766105724,1.056611317366136
S_025,FW_048,PFTeDA,"water and 
 air breathing",-0.2762806497273384,1.500617963824915
S_026,FW_049,PFBA,"water and 
 air breathing",-0.37239999999999995,1.2558657840240057
S_026,FW_049,PFPeA,"water and 
 air breathing",-0.04850000000000006,1.030115686132729
S_026,FW_049,PFHxA,"water and 
 air breathing",-0.4593,1.3244383660499501
S_026,FW_049,PFHpA,"water and 
 air breathing",-0.912,1.747068554033843
S_026,FW_049,PFOA,"water and 
 air breathing",-0.18399999999999997,1.1191468960425432
S_026,FW_049,PFNA,"water and 
 air breathing",-0.14289999999999997,1.0913579225289458
S_026,FW_049,PFDA,"water and 
 air breathing",0.3509,0.8068060058675405
S_026,FW_049,PFUnDA,"water and 
 air breathing",0.7436999999999999,0.6344622737078838
S_026,FW_049,PFDoDA,"water and 
 air breathing",0.49899999999999994,0.736919969001042
S_026,FW_049,PFBS,"water and 
 air breathing",-0.16170000000000004,1.1039825052968781
S_026,FW_049,PFHxS,"water and 
 air breathing",-0.16729999999999995,1.1077711724895907
S_026,FW_049,PFOS,"water and 
 air breathing",1.0521,0.5253718290338204
S_027,FW_050,6:2 Cl-PFESA,"water and 
 air breathing",0.5249894012026425,0.7079457843841378
S_027,FW_050,6:2 Cl-PFESA,"water and 
 air breathing",1.0384658769403148,0.49659232145033605
S_027,FW_050,6:2 Cl-PFESA,"water and 
 air breathing",0.7276168893861185,0.5767664633922508
S_027,FW_051,6:2 Cl-PFESA,"water and 
 air breathing",0.6170928049224043,0.6854882264526615
S_027,FW_051,6:2 Cl-PFESA,"water and 
 air breathing",0.9371521328485765,0.5284452517751804
S_027,FW_051,6:2 Cl-PFESA,"water and 
 air breathing",0.600974709271446,0.6576578373554204
S_027,FW_052,6:2 Cl-PFESA,"water and 
 air breathing",0.8358383887568385,0.5984115950603197
S_027,FW_052,6:2 Cl-PFESA,"water and 
 air breathing",0.8473513142218089,0.59020108017184425
S_027,FW_052,6:2 Cl-PFESA,"water and 
 air breathing",0.854259069500791,0.6011737374832781
S_027,FW_053,6:2 Cl-PFESA,"water and 
 air breathing",-0.5388049117606067,5.345643593969717
S_027,FW_053,6:2 Cl-PFESA,"water and 
 air breathing",-0.49045062480773177,3.9719154946944037
S_027,FW_053,6:2 Cl-PFESA,"water and 
 air breathing",-0.34769034904210094,2.924152377843336
S_027,FW_054,6:2 Cl-PFESA,"water and 
 air breathing",1.319381258285588,0.3280952931131191
S_027,FW_054,PFOS,"water and 
 air breathing",1.3424071092155285,0.30974192992165805
S_027,FW_054,PFNA,"water and 
 air breathing",0.6147902198294103,0.6546361740672749
S_027,FW_054,PFDA,"water and 
 air breathing",0.7920892719899516,0.533334895487621
S_027,FW_054,PFUnDA,"water and 
 air breathing",0.37532137015802947,0.8184647881347898
S_027,FW_054,PFDoDA,"water and 
 air breathing",0.9832038347084575,0.46131757456037936
S_027,FW_054,PFTrDA,"water and 
 air breathing",1.2664218011467252,0.33036954103681476
S_027,FW_054,6:2 Cl-PFESA,"water and 
 air breathing",1.4621415340512192,0.28707805820246907
S_027,FW_054,PFOS,"water and 
 air breathing",1.3516174495875048,0.30619634336906776
S_027,FW_054,PFNA,"water and 
 air breathing",0.7483401552230649,0.5915616341754739
S_027,FW_054,PFDA,"water and 
 air breathing",1.0614917278702551,0.4265795188015926
S_027,FW_054,PFUnDA,"water and 
 air breathing",0.4167679018319223,0.7979946872679765
S_027,FW_054,PFDoDA,"water and 
 air breathing",1.4045769067263678,0.3126079367123955
S_027,FW_054,PFTrDA,"water and 
 air breathing",1.3976691514473856,0.29376496519615314
S_027,FW_054,6:2 Cl-PFESA,"water and 
 air breathing",1.2318830247518144,0.34673685045253166
S_027,FW_054,PFOS,"water and 
 air breathing",1.3562226197734928,0.30619634336906776
S_027,FW_054,PFNA,"water and 
 air breathing",0.6838677726192315,0.6180164001384159
S_027,FW_054,PFDA,"water and 
 air breathing",0.8404435589428265,0.5046612975635284
S_027,FW_054,PFUnDA,"water and 
 air breathing",0.42137307201791036,0.7943282347242815
S_027,FW_054,PFDoDA,"water and 
 air breathing",0.8266280483848624,0.5046612975635284
S_027,FW_054,PFTrDA,"water and 
 air breathing",1.4345105129352904,0.2844461107447916
S_028,FW_055,PFBA,"water and 
 air breathing",1.631199404215613,0.6300171732097928
S_028,FW_055,PFDA,"water and 
 air breathing",1.536867219599265,0.35659425060346717
S_028,FW_055,PFUnDA,"water and 
 air breathing",1.4747630091074988,0.4331480876103302
S_028,FW_055,PFDoDA,"water and 
 air breathing",0.6097655716208943,0.41038154392191667
S_028,FW_055,PFBS,"water and 
 air breathing",1.7850704810772584,0.540165730721819
S_028,FW_055,PFHxS,"water and 
 air breathing",0.8878912573524571,0.3149407911312673
S_028,FW_055,PFOS,"water and 
 air breathing",1.749199854809259,0.4516415261756877
S_029,FW_056,PFOA,"water and 
 air breathing",0.27763173659827955,1.024273345701917
S_029,FW_056,PFNA,"water and 
 air breathing",0.9858167945227654,1.0223119098385622
S_029,FW_056,PFDA,"water and 
 air breathing",0.959350221334602,1.0204081632653061
S_029,FW_056,PFUnDA,"water and 
 air breathing",0.9321640810304452,1.0244255182387916
S_029,FW_056,PFDoDA,"water and 
 air breathing",0.34358970439007686,1.0204081632653064
S_029,FW_056,PFTrDA,"water and 
 air breathing",0.3576744442718159,1.0204081632653064
S_029,FW_056,PFOS,"water and 
 air breathing",0.9745596399981308,1.0204081632653061
S_029,FW_056,PFOA,"water and 
 air breathing",0.8628899551470398,1.0204081632653061
S_029,FW_056,PFNA,"water and 
 air breathing",1.8976198599275322,1.0219380105865434
S_029,FW_056,PFDA,"water and 
 air breathing",1.9572739077056285,1.0225700449671393
S_029,FW_056,PFUnDA,"water and 
 air breathing",1.884034745337226,1.0219589355499037
S_029,FW_056,PFDoDA,"water and 
 air breathing",1.4011829736136412,0.9827083542776718
S_029,FW_056,PFTrDA,"water and 
 air breathing",1.3190856114264407,1.0204081632653061
S_029,FW_056,PFOS,"water and 
 air breathing",1.9021075263969205,1.0211696618946087
S_029,FW_057,PFOA,"water and 
 air breathing",0.09531017980432493,1.0204081632653061
S_029,FW_057,PFNA,"water and 
 air breathing",0.6678293725756554,1.0256410256410258
S_029,FW_057,PFDA,"water and 
 air breathing",0.8197798314933114,1.0204081632653061
S_029,FW_057,PFUnDA,"water and 
 air breathing",0.8109302162163288,1.0226757369614512
S_029,FW_057,PFDoDA,"water and 
 air breathing",0.30010459245033816,1.0204081632653061
S_029,FW_057,PFTrDA,"water and 
 air breathing",0.3148107398400336,1.0204081632653061
S_029,FW_057,PFOS,"water and 
 air breathing",0.8064758658669485,1.0226858600583089
S_029,FW_057,PFOA,"water and 
 air breathing",0.6097655716208943,1.0231810115350488
S_029,FW_057,PFNA,"water and 
 air breathing",1.4770487243883548,1.028562109775417
S_029,FW_057,PFDA,"water and 
 air breathing",1.7047480922384253,1.025974025974026
S_029,FW_057,PFUnDA,"water and 
 air breathing",1.6544112780768316,1.0262613649666366
S_029,FW_057,PFDoDA,"water and 
 air breathing",1.2412685890696329,1.0218827415359206
S_029,FW_057,PFTrDA,"water and 
 air breathing",1.1662709371419244,1.0251764257104712
S_029,FW_057,PFOS,"water and 
 air breathing",1.631199404215613,1.024401932984544
S_029,FW_058,PFOA,"water and 
 air breathing",0.2700271372130602,0.06620968998286335
S_029,FW_058,PFNA,"water and 
 air breathing",0.7654678421395714,0.04508780256288561
S_029,FW_058,PFDA,"water and 
 air breathing",0.8329091229351039,0.05102040816326531
S_029,FW_058,PFUnDA,"water and 
 air breathing",1.0296194171811581,0.023688046647230305
S_029,FW_058,PFDoDA,"water and 
 air breathing",0.7839015438284094,0.037275184046221266
S_029,FW_058,PFTrDA,"water and 
 air breathing",0.6780335427498971,0.06733657930177142
S_029,FW_058,PFOS,"water and 
 air breathing",0.883767540168595,0.04216562658121104
S_029,FW_058,PFOA,"water and 
 air breathing",0.7747271675523681,0.06113044296059433
S_029,FW_058,PFNA,"water and 
 air breathing",1.4929040961781488,0.05044714515019485
S_029,FW_058,PFDA,"water and 
 air breathing",1.6370530794670737,0.06054951163344719
S_029,FW_058,PFUnDA,"water and 
 air breathing",1.81319474994812,0.04744148883044248
S_029,FW_058,PFDoDA,"water and 
 air breathing",1.6563214983329508,0.0681570338058887
S_029,FW_058,PFTrDA,"water and 
 air breathing",1.430311246536665,0.0646909481495948
S_029,FW_058,PFOS,"water and 
 air breathing",1.6486586255873816,0.07653061224489797
S_029,FW_059,PFOA,"water and 
 air breathing",0.2468600779315258,0.051817602040816375
S_029,FW_059,PFNA,"water and 
 air breathing",0.6312717768418578,0.07056013894919665
S_029,FW_059,PFDA,"water and 
 air breathing",0.8285518175661483,0.0802067551911594
S_029,FW_059,PFUnDA,"water and 
 air breathing",1.075002423028976,0.09403078637598385
S_029,FW_059,PFDoDA,"water and 
 air breathing",0.7030975114131134,0.03536067892503534
S_029,FW_059,PFTrDA,"water and 
 air breathing",0.5877866649021191,0.04818594104308388
S_029,FW_059,PFOS,"water and 
 air breathing",0.8372475245337022,0.05079954059545896
S_029,FW_059,PFOA,"water and 
 air breathing",0.6523251860396901,0.04251700680272107
S_029,FW_059,PFNA,"water and 
 air breathing",1.2119409739751128,0.10021865889212832
S_029,FW_059,PFDA,"water and 
 air breathing",1.4701758451005926,0.11142387989678627
S_029,FW_059,PFUnDA,"water and 
 air breathing",1.6992786164338898,0.12032235197552514
S_029,FW_059,PFDoDA,"water and 
 air breathing",1.3987168811184478,0.07558578987150423
S_029,FW_059,PFTrDA,"water and 
 air breathing",1.1878434223960523,0.0731085116973619
S_029,FW_059,PFOS,"water and 
 air breathing",1.451613827240533,0.08602972805047075
S_030,FW_060,FOSA,"water and 
 air breathing",-0.2231435513142097,0.8290816326530611
S_030,FW_060,PFDA,"water and 
 air breathing",1.252762968495368,0.5247813411078718
S_030,FW_060,PFHpA,"water and 
 air breathing",-0.2231435513142097,0.25510204081632654
S_030,FW_060,PFHxS,"water and 
 air breathing",0.5877866649021191,0.45351473922902485
S_030,FW_060,PFNA,"water and 
 air breathing",1.4816045409242156,1.2987012987012987
S_030,FW_060,PFOA,"water and 
 air breathing",-0.5108256237659907,0.9353741496598639
S_030,FW_060,PFOS,"water and 
 air breathing",1.4350845252893227,0.48590864917395515
S_030,FW_060,PFTeDA,"water and 
 air breathing",0.5877866649021191,0.3401360544217687
S_030,FW_060,PFTrDA,"water and 
 air breathing",0.6418538861723947,0.26852846401718583
S_030,FW_060,PFUnDA,"water and 
 air breathing",0.9932517730102834,0.3590325018896447
S_030,FW_060,FOSA,"water and 
 air breathing",0.6418538861723947,0.8861439312567132
S_030,FW_060,PFDA,"water and 
 air breathing",2.128231705849268,0.977891156462585
S_030,FW_060,PFHpA,"water and 
 air breathing",0.6418538861723947,0.6176154672395273
S_030,FW_060,PFHxS,"water and 
 air breathing",1.4816045409242156,0.8928571428571428
S_030,FW_060,PFNA,"water and 
 air breathing",1.1314021114911006,0.4608294930875576
S_030,FW_060,PFOA,"water and 
 air breathing",0.47000362924573563,0.4464285714285714
S_030,FW_060,PFOS,"water and 
 air breathing",2.3125354238472138,0.9395837542937968
S_030,FW_060,PFTeDA,"water and 
 air breathing",1.4586150226995167,0.7119126720455623
S_030,FW_060,PFTrDA,"water and 
 air breathing",1.5260563034950492,0.6987577639751552
S_030,FW_060,PFUnDA,"water and 
 air breathing",1.8870696490323797,0.896722325293754
S_030,FW_060,FOSA,"water and 
 air breathing",0.09531017980432493,0.9276437847866419
S_030,FW_060,PFDA,"water and 
 air breathing",1.589235205116581,0.5726780508121616
S_030,FW_060,PFHpA,"water and 
 air breathing",0.09531017980432493,0.3246753246753247
S_030,FW_060,PFHxS,"water and 
 air breathing",0.9162907318741551,0.5918367346938777
S_030,FW_060,PFNA,"water and 
 air breathing",1.4586150226995167,0.9017560512577124
S_030,FW_060,PFOA,"water and 
 air breathing",-0.10536051565782628,0.6235827664399094
S_030,FW_060,PFOS,"water and 
 air breathing",1.7749523509116738,0.5447941888619855
S_030,FW_060,PFTeDA,"water and 
 air breathing",0.9162907318741551,0.4693877551020408
S_030,FW_060,PFTrDA,"water and 
 air breathing",0.9932517730102834,0.3968253968253967
S_030,FW_060,PFUnDA,"water and 
 air breathing",1.3609765531356006,0.49712192569335434
S_031,FW_061,PFOA,"water and 
 air breathing",0.19885085874516517,0.9918032786885246
S_031,FW_061,PFNA,"water and 
 air breathing",2.0068708488450007,0.16532258064516128
S_031,FW_061,PFDA,"water and 
 air breathing",1.8825138324965192,0.1811263318112633
S_031,FW_061,PFUnDA,"water and 
 air breathing",1.706564623164823,0.2032667876588022
S_031,FW_061,PFDoDA,"water and 
 air breathing",1.3962446919730587,0.29455445544554454
S_031,FW_061,PFTrDA,"water and 
 air breathing",1.269760544863939,0.32022471910112354
S_031,FW_061,PFTeDA,"water and 
 air breathing",0.8796267475025636,0.43983402489626555
S_031,FW_061,PFHxS,"water and 
 air breathing",2.012232791986386,0.18181818181818182
S_031,FW_061,PFOS,"water and 
 air breathing",1.4861396960896067,0.27375565610859726
S_031,FW_061,FOSA,"water and 
 air breathing",-0.4155154439616658,2.696969696969697
S_031,FW_062,PFOA,"water and 
 air breathing",0.30010459245033816,0.8592592592592592
S_031,FW_062,PFNA,"water and 
 air breathing",1.415853163361435,0.28398058252427183
S_031,FW_062,PFDA,"water and 
 air breathing",1.3711807233098425,0.2893401015228426
S_031,FW_062,PFUnDA,"water and 
 air breathing",1.1786549963416462,0.3538461538461538
S_031,FW_062,PFDoDA,"water and 
 air breathing",0.9202827531436925,0.4541832669322709
S_031,FW_062,PFTrDA,"water and 
 air breathing",0.7929925155296614,0.5113122171945701
S_031,FW_062,PFTeDA,"water and 
 air breathing",0.7466879474879751,0.5165876777251186
S_031,FW_062,PFHxS,"water and 
 air breathing",0.5068176023684519,0.6867469879518072
S_031,FW_062,PFOS,"water and 
 air breathing",1.2725655957915476,0.31932773109243695
S_031,FW_062,FOSA,"water and 
 air breathing",0.01980262729617973,1.196078431372549
S_032,FW_063,FOSA,"water and 
 air breathing",0.26236426446749106,0.8655913871870632
S_032,FW_063,PFNA,"water and 
 air breathing",0.09531017980432493,1.0452821136008723
S_032,FW_063,PFDA,"water and 
 air breathing",0.5306282510621704,0.6952514091379921
S_032,FW_063,PFUnDA,"water and 
 air breathing",0.09531017980432493,1.007436249986907
S_032,FW_063,PFDoDA,"water and 
 air breathing",0.1823215567939546,1.0103293966144369
S_032,FW_063,PFTrDA,"water and 
 air breathing",-0.15082288973458366,0.9903712378854631
S_032,FW_063,PFTeDA,"water and 
 air breathing",-0.2613647641344075,0.9833085684452197
S_032,FW_063,PFOS,"water and 
 air breathing",0.3364722366212129,1.0499302179393861
S_032,FW_063,FOSA,"water and 
 air breathing",1.2237754316221157,0.4235464132897874
S_032,FW_063,PFNA,"water and 
 air breathing",-0.06187540371808753,0.9028791631754559
S_032,FW_063,PFDA,"water and 
 air breathing",0.8329091229351039,0.5561329327511663
S_032,FW_063,PFUnDA,"water and 
 air breathing",0.26236426446749106,0.8792119560609245
S_032,FW_063,PFDoDA,"water and 
 air breathing",0.26236426446749106,0.8873742413661799
S_032,FW_063,PFTrDA,"water and 
 air breathing",-0.18632957819149348,1.0534567141358826
S_032,FW_063,PFTeDA,"water and 
 air breathing",-0.3285040669720361,1.1771816361435308
S_032,FW_063,PFOS,"water and 
 air breathing",0.6931471805599453,0.6985477972548257
S_033,FW_064,PFBA,"water breathing 
 only",0.16999999999999996,1.1886822949968014
S_033,FW_064,PFPeA,"water breathing 
 only",0.12999999999999995,1.2164453150309924
S_033,FW_064,PFHxA,"water breathing 
 only",-0.06999999999999995,0.7582686866000239
S_033,FW_064,PFHpA,"water breathing 
 only",0.26,1.3675042474329648
S_033,FW_064,PFOA,"water breathing 
 only",0.019999999999999966,1.169914658935307
S_033,FW_064,PFNA,"water breathing 
 only",0.8586616190375187,0.2399688689034936
S_033,FW_064,PFDA,"water breathing 
 only",0.959350221334602,0.22480256470404253
S_033,FW_064,PFUnDA,"water breathing 
 only",0.75,0.7351902855539445
S_033,FW_064,PFDoDA,"water breathing 
 only",0.7299999999999999,0.7104434180284878
S_033,FW_064,PFBS,"water breathing 
 only",0.30000000000000004,1.256237486030155
S_033,FW_064,PFHxS,"water breathing 
 only",0.37000000000000005,0.9527920668416261
S_033,FW_064,PFOS,"water breathing 
 only",1.1908875647772805,0.21710811984368217
S_033,FW_064,PFDS,"water breathing 
 only",0.24000000000000002,1.08853255739932
S_033,FW_064,F53B,"water breathing 
 only",0.9202827531436925,0.2683144971135865
S_033,FW_065,PFBA,"water breathing 
 only",-0.09,0.7670188905345225
S_033,FW_065,PFPeA,"water breathing 
 only",-0.20000000000000004,0.7268403157643504
S_033,FW_065,PFHxA,"water breathing 
 only",-0.16999999999999998,0.5106717893860904
S_033,FW_065,PFHpA,"water breathing 
 only",0.09000000000000005,2.0262537054879224
S_033,FW_065,PFOA,"water breathing 
 only",-0.040000000000000036,0.4688135256131098
S_033,FW_065,PFNA,"water breathing 
 only",0.3576744442718159,0.2033680605109177
S_033,FW_065,PFDA,"water breathing 
 only",0.3920420877760237,0.26199669056811914
S_033,FW_065,PFUnDA,"water breathing 
 only",0.22999999999999998,0.9248767745780564
S_033,FW_065,PFDoDA,"water breathing 
 only",0.24999999999999992,0.9769124173100776
S_033,FW_065,PFBS,"water breathing 
 only",0.05000000000000007,6.9901533343556475
S_033,FW_065,PFHxS,"water breathing 
 only",0.10000000000000007,1.4042081587735349
S_033,FW_065,PFOS,"water breathing 
 only",0.47000000000000003,0.750110692809767
S_033,FW_065,PFDS,"water breathing 
 only",0.14999999999999994,2.324674537766154
S_033,FW_065,F53B,"water breathing 
 only",0.33,0.817188146985184
S_033,FW_066,PFBA,"water breathing 
 only",0.24999999999999992,0.8581778820741367
S_033,FW_066,PFPeA,"water breathing 
 only",-0.10000000000000006,1.0630876504373008
S_033,FW_066,PFHxA,"water breathing 
 only",-0.040000000000000036,1.0247728934499782
S_033,FW_066,PFHpA,"water breathing 
 only",0.24000000000000002,0.8634440965283704
S_033,FW_066,PFOA,"water breathing 
 only",-0.009999999999999946,1.0061365068527586
S_033,FW_066,PFNA,"water breathing 
 only",0.7080357930536959,0.25635870111591436
S_033,FW_066,PFDA,"water breathing 
 only",0.8796267475025636,0.2222880853586247
S_033,FW_066,PFUnDA,"water breathing 
 only",0.56,0.7099261776825933
S_033,FW_066,PFDoDA,"water breathing 
 only",0.48999999999999994,0.7409886260481333
S_033,FW_066,PFBS,"water breathing 
 only",0.05000000000000007,0.9698743268337551
S_033,FW_066,PFHxS,"water breathing 
 only",0.24999999999999992,0.8581778820741367
S_033,FW_066,PFOS,"water breathing 
 only",1.0402767116551463,0.35335689045936397
S_033,FW_066,PFDS,"water breathing 
 only",0.19000000000000003,0.8902638956813755
S_033,FW_066,F53B,"water breathing 
 only",0.8899999999999999,0.5801432576367129
S_033,FW_067,PFBA,"water breathing 
 only",-0.05999999999999999,0.6880964377998243
S_033,FW_067,PFPeA,"water breathing 
 only",-0.15,0.6427026641727904
S_033,FW_067,PFHxA,"water breathing 
 only",-0.37,0.5903439899697346
S_033,FW_067,PFHpA,"water breathing 
 only",0.009999999999999893,2.1986942724259566
S_033,FW_067,PFOA,"water breathing 
 only",0.16999999999999996,1.6503974849034908
S_033,FW_067,PFNA,"water breathing 
 only",0.3220834991691132,0.23291925465838512
S_033,FW_067,PFDA,"water breathing 
 only",0.3499999999999999,0.8662698938103551
S_033,FW_067,PFUnDA,"water breathing 
 only",0.20999999999999994,0.9549119618218774
S_033,FW_067,PFDoDA,"water breathing 
 only",0.27999999999999997,0.9793978084145879
S_033,FW_067,PFBS,"water breathing 
 only",-0.5,0.34329261164139246
S_033,FW_067,PFHxS,"water breathing 
 only",0.24999999999999992,1.195940703257546
S_033,FW_067,PFOS,"water breathing 
 only",0.4099999999999999,0.7781562325506182
S_033,FW_067,PFDS,"water breathing 
 only",-0.030000000000000023,0.3113923783390869
S_033,FW_067,F53B,"water breathing 
 only",0.29,0.8374322618790332
S_034,FW_068,l-PFOS,"water and 
 air breathing",1.0986122886681098,0.5102040816326531
S_034,FW_068,PFDoDA,"water and 
 air breathing",0.6418538861723947,0.4296455424274973
S_034,FW_068,l-PFOS,"water and 
 air breathing",1.6863989535702288,0.8219954648526078
S_034,FW_068,PFDoDA,"water and 
 air breathing",1.252762968495368,0.5102040816326531
S_034,FW_068,l-PFOS,"water and 
 air breathing",0.9555114450274363,0.5102040816326531
S_034,FW_068,PFDoDA,"water and 
 air breathing",0.5306282510621704,0.33013205282112845
S_034,FW_068,l-PFOS,"water and 
 air breathing",1.7749523509116738,0.8647526807333102
S_034,FW_068,PFDoDA,"water and 
 air breathing",1.33500106673234,0.5504833512352311
S_035,FW_069,PFHxS,"water and 
 air breathing",1.4045769067263678,0.4570881896148751
S_035,FW_069,PFOS,"water and 
 air breathing",1.312473503006606,0.4168693834703355
S_035,FW_069,PFOA,"water and 
 air breathing",-0.3223619130191665,4.897788193684463
S_035,FW_069,PFNA,"water and 
 air breathing",1.8650939253251773,0.37153522909717246
S_035,FW_069,PFDA,"water and 
 air breathing",1.49668031044613,0.38018939632056115
S_035,FW_069,PFUnDA,"water and 
 air breathing",1.8420680743952367,0.3467368504525316
S_035,FW_069,PFDoDA,"water and 
 air breathing",1.450628608586249,0.3715352290971725
S_035,FW_069,PFTrDA,"water and 
 air breathing",1.312473503006606,0.44668359215096315
S_035,FW_069,PFTeDA,"water and 
 air breathing",0.5526204223185709,0.7943282347242815
S_035,FW_070,PFHxS,"water and 
 air breathing",1.059189142777261,0.5248074602497727
S_035,FW_070,PFOS,"water and 
 air breathing",1.2664218011467252,0.45708818961487496
S_035,FW_070,PFOA,"water and 
 air breathing",-0.1980223179974879,4.85288500162121
S_035,FW_070,PFNA,"water and 
 air breathing",1.9341714781149983,0.37153522909717257
S_035,FW_070,PFDA,"water and 
 air breathing",1.450628608586249,0.4265795188015926
S_035,FW_070,PFUnDA,"water and 
 air breathing",1.8420680743952367,0.37153522909717246
S_035,FW_070,PFDoDA,"water and 
 air breathing",1.4045769067263678,0.40738027780411273
S_035,FW_070,PFTrDA,"water and 
 air breathing",1.3354993539365463,0.4570881896148751
S_035,FW_070,PFTeDA,"water and 
 air breathing",0.6677496769682731,0.7079457843841379
S_035,FW_071,PFHxS,"water and 
 air breathing",0.6207769410711947,1.0592537251772887
S_035,FW_071,PFOS,"water and 
 air breathing",1.3654329601454689,0.35391583956694983
S_035,FW_071,PFOA,"water and 
 air breathing",2.424852361432029,0.1733005735327082
S_035,FW_071,PFNA,"water and 
 air breathing",1.2378697459935988,0.3857447286724761
S_035,FW_071,PFDA,"water and 
 air breathing",2.283243378212896,0.1486277831007335
S_035,FW_071,PFUnDA,"water and 
 air breathing",1.353114129897951,0.30327038318532507
S_035,FW_071,PFDoDA,"water and 
 air breathing",1.3529990006433013,0.37705091583339295
S_035,FW_071,PFTrDA,"water and 
 air breathing",1.4305961182772007,0.34339977004258493
S_035,FW_071,PFTeDA,"water and 
 air breathing",1.0188939036498652,0.44297579884121463
S_035,FW_072,PFHxS,"water and 
 air breathing",0.7828789316179755,0.6309573444801932
S_035,FW_072,PFOS,"water and 
 air breathing",1.49668031044613,0.28840315031266056
S_035,FW_072,PFOA,"water and 
 air breathing",0.2532843602293451,1.9054607179632472
S_035,FW_072,PFNA,"water and 
 air breathing",1.5427320123060109,0.33884415613920255
S_035,FW_072,PFDA,"water and 
 air breathing",1.6578612669557127,0.2630267991895382
S_035,FW_072,PFUnDA,"water and 
 air breathing",1.9802231799748793,0.20417379446695294
S_035,FW_072,PFDoDA,"water and 
 air breathing",1.4045769067263678,0.33884415613920255
S_035,FW_072,PFTrDA,"water and 
 air breathing",1.8420680743952367,0.24547089156850302
S_035,FW_072,PFTeDA,"water and 
 air breathing",0.9440598881275586,0.46238102139926035
S_036,FW_073,PFOA,"water and 
 air breathing",-0.916290731874155,0.25510204081632654
S_036,FW_073,PFNA,"water and 
 air breathing",0.3576744442718159,0.06065363208220349
S_036,FW_073,PFDA,"water and 
 air breathing",0.4885800148186709,0.01565043195192182
S_036,FW_073,PFUnDA,"water and 
 air breathing",0.4054651081081644,0.01700680272108845
S_036,FW_073,PFDoDA,"water and 
 air breathing",0.3920420877760237,0.02757859900717046
S_036,FW_073,PFTrDA,"water and 
 air breathing",0.1823215567939546,0.0340136054421769
S_036,FW_073,PFTeDA,"water and 
 air breathing",0.45107561936021673,0.04874561289483944
S_036,FW_073,PFHxS,"water and 
 air breathing",0.04879016416943205,0.32555879494655005
S_036,FW_073,PFHpS,"water and 
 air breathing",1.3029127521808397,0.19825865128660156
S_036,FW_073,PFOS,"water and 
 air breathing",0.47000362924573563,0.01594387755102035
S_036,FW_073,PFDS,"water and 
 air breathing",0.02955880224154443,0.029720626114523505
S_036,FW_073,FBSA,"water and 
 air breathing",0.30010459245033816,0.28344671201814053
S_036,FW_073,FOSA,"water and 
 air breathing",1.5303947050936475,0.40197897340754485
S_036,FW_073,NEtFOSAA,"water and 
 air breathing",-0.7765287894989963,0.3216503992901508
S_036,FW_073,PFECHS,"water and 
 air breathing",0.6830968447064438,0.2705627705627705
S_036,FW_073,6:2 diPAP,"water and 
 air breathing",-2.4079456086518722,0.7029478458049888
S_036,FW_074,PFOA,"water and 
 air breathing",-0.916290731874155,0.4846938775510204
S_036,FW_074,PFNA,"water and 
 air breathing",0.08617769624105241,0.08425388504025459
S_036,FW_074,PFDA,"water and 
 air breathing",0.5766133643039938,0.0200642054574639
S_036,FW_074,PFUnDA,"water and 
 air breathing",0.4637340162321402,0.019252984212552962
S_036,FW_074,PFDoDA,"water and 
 air breathing",0.22314355131420976,0.02448979591836737
S_036,FW_074,PFTrDA,"water and 
 air breathing",0.2151113796169455,0.03703094140882163
S_036,FW_074,PFTeDA,"water and 
 air breathing",0.1823215567939546,0.051020408163265356
S_036,FW_074,PFHxS,"water and 
 air breathing",-0.5108256237659907,0.38265306122448983
S_036,FW_074,PFHpS,"water and 
 air breathing",1.000631880307906,0.271983793517407
S_036,FW_074,PFOS,"water and 
 air breathing",0.62057648772511,0.01920122887864819
S_036,FW_074,PFDS,"water and 
 air breathing",0.2468600779315258,0.031887755102040845
S_036,FW_074,FBSA,"water and 
 air breathing",0.131028262406404,0.2998567848191909
S_036,FW_074,FOSA,"water and 
 air breathing",1.1052568313867783,0.44938505203405865
S_036,FW_074,NEtFOSAA,"water and 
 air breathing",-1.3093333199837622,0.43461829176114886
S_036,FW_074,PFECHS,"water and 
 air breathing",0.3364722366212129,0.3061224489795918
S_036,FW_074,6:2 diPAP,"water and 
 air breathing",-2.995732273553991,0.8163265306122449
S_037,FW_075,PFOA,"water breathing 
 only",0.8754687373538999,0.4889455782312925
S_037,FW_075,PFNA,"water breathing 
 only",0.9162907318741551,0.46938775510204084
S_037,FW_075,PFDA,"water breathing 
 only",1.0647107369924282,0.422237860661506
S_037,FW_075,PFUnDA,"water breathing 
 only",1.1631508098056809,0.3826530612244898
S_037,FW_075,PFDoDA,"water breathing 
 only",1.252762968495368,0.3352769679300292
S_037,FW_075,PFOS,"water breathing 
 only",1.0296194171811581,0.3826530612244897
S_037,FW_075,6:2 Cl-PFESA,"water breathing 
 only",1.0647107369924282,0.38705137227304715
S_037,FW_076,PFOA,"water breathing 
 only",0.6418538861723947,0.5531686358754028
S_037,FW_076,PFNA,"water breathing 
 only",0.8329091229351039,0.5323868677905945
S_037,FW_076,PFDA,"water breathing 
 only",0.8329091229351039,0.48802129547471174
S_037,FW_076,PFUnDA,"water breathing 
 only",1.0296194171811581,0.4737609329446064
S_037,FW_076,PFOS,"water breathing 
 only",1.0647107369924282,0.3342716396903589
S_038,FW_077,PFOA,"water and 
 air breathing",0.8184,0.5606804847386978
S_038,FW_077,PFNA,"water and 
 air breathing",0.7651,0.7069943157600588
S_038,FW_077,PFDA,"water and 
 air breathing",0.7036999999999999,0.7096483493213577
S_038,FW_077,PFUnDA,"water and 
 air breathing",0.7368000000000001,0.7510449346502616
S_038,FW_077,PFDoDA,"water and 
 air breathing",0.6186,0.629400339403909
S_038,FW_077,PFHxS,"water and 
 air breathing",0.7146,0.9279252661241301
S_038,FW_077,PFOS,"water and 
 air breathing",0.7839,0.6138641479950507
S_038,FW_077,6:2 Cl-PFESA,"water and 
 air breathing",0.8399000000000001,0.5166920844355534
S_038,FW_077,8:2 Cl-PFESA,"water and 
 air breathing",0.7588000000000001,0.5724787902508817
S_038,FW_077,PFNOBS,"water and 
 air breathing",0.5953,0.6673212776022304
S_039,FW_078,PFHxA,"water and 
 air breathing",0.965,0.53274278600515
S_039,FW_078,PFNA,"water and 
 air breathing",0.921,0.5664287722074919
S_039,FW_078,PFDA,"water and 
 air breathing",1.44,0.3670048948048461
S_039,FW_078,PFUnDA,"water and 
 air breathing",0.6369999999999999,0.6418414476997508
S_039,FW_078,PFDoDA,"water and 
 air breathing",0.516,0.6982443259903538
S_039,FW_078,PFHpS,"water and 
 air breathing",1.01,0.49506893665217094
S_039,FW_078,3m-PFOS,"water and 
 air breathing",1.11,0.4617794010338056
S_039,FW_078,4m-PFOS,"water and 
 air breathing",1.25,0.4189006040280451
S_039,FW_078,5m-PFOS,"water and 
 air breathing",1.43,0.3695685182265702
S_039,FW_078,iso-PFOS,"water and 
 air breathing",1.44,0.4442889942921273
S_039,FW_078,PFOS,"water and 
 air breathing",1.59,0.330616995535039
S_039,FW_078,PFNS,"water and 
 air breathing",1.33,0.3962105995393944
S_039,FW_078,6:2 Cl-PFESA,"water and 
 air breathing",1.73,NA
S_039,FW_078,8:2 Cl-PFESA,"water and 
 air breathing",1.86,0.27396882557836494
S_039,FW_078,6:2 H-PFESA,"water and 
 air breathing",1.19,0.5298989412603323
S_039,FW_078,8:2 H-PFESA,"water and 
 air breathing",1.41,0.46938293176852003
S_039,FW_078,cis-PFECHS,"water and 
 air breathing",0.653,0.6568036953310451
S_039,FW_078,trans-PFECHS,"water and 
 air breathing",0.8130000000000001,0.610631878674256
S_039,FW_078,8:2 FTSA,"water and 
 air breathing",1.08,0.4715240974028521
S_039,FW_078,10:2 FTSA,"water and 
 air breathing",1.42,0.3721500492161265
S_039,FW_078,FHpPA,"water and 
 air breathing",1.76,0.29371915432190504
S_039,FW_078,NEtFOSAA,"water and 
 air breathing",1.07,0.4748178142908846
S_040,FW_079,PFUnDA,"water and 
 air breathing",1.308332819650179,0.3027027027027027
S_040,FW_080,PFOS,"water and 
 air breathing",1.1631508098056809,0.34375
S_040,FW_080,PFNA,"water and 
 air breathing",0.4054651081081644,0.7333333333333334
S_040,FW_080,PFDA,"water and 
 air breathing",0.8329091229351039,0.47826086956521746
S_040,FW_080,PFUnDA,"water and 
 air breathing",0.7884573603642703,0.5
S_040,FW_080,PFDoDA,"water and 
 air breathing",1.0986122886681098,0.3666666666666667
S_040,FW_080,PFTrDA,"water and 
 air breathing",0.7884573603642703,0.5
S_040,FW_081,PFOS,"water and 
 air breathing",1.1631508098056809,0.34375
S_040,FW_081,PFNA,"water and 
 air breathing",0.4054651081081644,0.7333333333333334
S_040,FW_081,PFDA,"water and 
 air breathing",1.1631508098056809,0.34375
S_040,FW_081,PFUnDA,"water and 
 air breathing",0.4054651081081644,0.7333333333333334
S_041,FW_082,PFBA,"water and 
 air breathing",-0.16251892949777494,1.082853389750151
S_041,FW_082,PFPeA,"water and 
 air breathing",-0.35667494393873245,1.190882451028725
S_041,FW_082,PFBS,"water and 
 air breathing",-0.2484613592984996,1.1294073546790218
S_041,FW_082,PFHxA,"water and 
 air breathing",-0.020202707317519466,1.0099441317031277
S_041,FW_082,PFHpA,"water and 
 air breathing",0.23111172096338664,0.8929761458156997
S_041,FW_082,PFHxS,"water and 
 air breathing",-0.030459207484708574,1.0150303463603114
S_041,FW_082,PFOA,"water and 
 air breathing",0.131028262406404,0.9378400380100579
S_041,FW_082,PFHpS,"water and 
 air breathing",0.058268908123975824,0.9718640728195838
S_041,FW_082,PFNA,"water and 
 air breathing",0.009950330853168092,0.9951383182673034
S_041,FW_082,PFOS,"water and 
 air breathing",0.28517894223366247,0.8399058348601309
S_041,FW_082,PFDA,"water and 
 air breathing",0.02955880224154443,0.9820791711556385
S_041,FW_082,PFUnDA,"water and 
 air breathing",0.20701416938432612,0.8810453308815329
S_041,FW_082,PFDoDA,"water and 
 air breathing",0.03922071315328133,0.9809735544647556
S_041,FW_082,PFTrDA,"water and 
 air breathing",0.1906203596086497,0.8899260861044064
S_041,FW_082,PFTeDA,"water and 
 air breathing",0.09531017980432493,0.9543911858820058
S_042,FW_083,PFOS,"water and 
 air breathing",0.9858167945227654,0.5034734010029042
S_043,FW_084,PFAS,"water and 
 air breathing",-0.43749116766886864,1.3559962377861206
S_043,FW_084,PFCA,"water and 
 air breathing",-0.43749116766886864,1.3559962377861206
S_043,FW_084,PFSA,"water and 
 air breathing",-0.43749116766886864,1.3559962377861206
S_043,FW_084,PFOS,"water and 
 air breathing",-0.3684136148790472,1.292336367594938
S_043,FW_085,PFAS,"water and 
 air breathing",-0.1842068074395237,1.0777563396470253
S_043,FW_085,PFCA,"water and 
 air breathing",-0.39143946580898786,1.2865831226643882
S_043,FW_085,PFSA,"water and 
 air breathing",-0.0690775527898214,0.9531846508501969
S_043,FW_085,PFOS,"water and 
 air breathing",-0.16118095650958322,1.0464136248450304
S_043,FW_086,PFAS,"water and 
 air breathing",-0.11512925464970225,1.0408976714924811
S_043,FW_086,PFCA,"water and 
 air breathing",-0.02302585092994047,0.9360937855602709
S_043,FW_086,PFSA,"water and 
 air breathing",-0.16118095650958322,1.0849508478538303
S_043,FW_086,PFOS,"water and 
 air breathing",0.1381551055796428,1.0356404422011942
S_043,FW_087,PFAS,"water and 
 air breathing",-0.7138013788281542,1.6435773931395006
S_043,FW_087,PFCA,"water and 
 air breathing",-0.8289306334778563,1.7807174863400683
S_043,FW_087,PFSA,"water and 
 air breathing",-0.7598530806880351,1.6971182543741625
S_043,FW_087,PFOS,"water and 
 air breathing",-0.8289306334778563,1.487271282169116
S_043,FW_088,PFAS,"water and 
 air breathing",-0.25328436022934503,1.186872235766579
S_043,FW_088,PFCA,"water and 
 air breathing",-0.23025850929940458,1.1685302869394045
S_043,FW_088,PFSA,"water and 
 air breathing",-0.1842068074395237,1.086440026636798
S_043,FW_088,PFOS,"water and 
 air breathing",-0.34538776394910686,1.139390951210863
S_043,FW_089,PFAS,"water and 
 air breathing",-0.5295945713886306,1.4457805438763358
S_043,FW_089,PFCA,"water and 
 air breathing",-0.50656872045869,1.422791962677655
S_043,FW_089,PFSA,"water and 
 air breathing",-0.6907755278982138,1.6174437502996266
S_043,FW_089,PFOS,"water and 
 air breathing",-0.8519564844077969,1.8094892039210406
S_044,FW_090,PFOA,"water and 
 air breathing",-0.8772849204307315,1.5367692888921134
S_044,FW_090,PFDA,"water and 
 air breathing",0.2325610943923986,0.8923424616409383
S_044,FW_090,PFUnDA,"water and 
 air breathing",0.2233507540204224,0.8963770016743572
S_044,FW_090,PFTeDA,"water and 
 air breathing",-0.31545415774018426,1.1670803485148007
S_044,FW_090,PFOS,"water and 
 air breathing",1.1489899614040286,0.5696348022903038
S_045,FW_091,PFBA,"water and 
 air breathing",-0.34538776394910686,1.1843170495185134
S_045,FW_091,PFPeA,"water and 
 air breathing",-0.02302585092994047,0.8519635889828784
S_045,FW_091,PFHxA,"water and 
 air breathing",0.06907755278982136,1.209624044167446
S_045,FW_091,PFHpA,"water and 
 air breathing",-0.04605170185988087,0.8208166528840465
S_045,FW_091,PFOA,"water and 
 air breathing",-1.1282666955670824,1.7377824466853324
S_045,FW_091,PFUnDA,"water and 
 air breathing",-0.9210340371976184,1.5700540996365204
S_045,FW_091,PFBS,"water and 
 air breathing",-0.7138013788281542,1.140917028511487
S_045,FW_091,PFOS,"water and 
 air breathing",-0.0921034037197618,0.7139945330779369
S_045,FW_091,ADONA,"water and 
 air breathing",-0.552620422318571,1.0639718558095717
S_045,FW_092,PFBA,"water and 
 air breathing",0.2763102111592854,1.0073696969711075
S_045,FW_092,PFPeA,"water and 
 air breathing",-1.1512925464970227,2.2286847616074823
S_045,FW_092,PFHxA,"water and 
 air breathing",-1.4276027576563084,2.701346647239236
S_045,FW_092,PFHpA,"water and 
 air breathing",-0.598672124178452,1.5169990006620022
S_045,FW_092,PFOA,"water and 
 air breathing",0.8519564844077968,0.6710045522367589
S_045,FW_092,PFUnDA,"water and 
 air breathing",-0.16118095650958322,0.7948549092300677
S_045,FW_092,PFBS,"water and 
 air breathing",-0.6447238260383329,1.371324490224183
S_045,FW_092,PFOS,"water and 
 air breathing",0.023025850929940427,1.802597806723125
S_045,FW_092,ADONA,"water and 
 air breathing",-0.552620422318571,1.3108372383091127
S_046,FW_093,PFHxS,"water and 
 air breathing",0.08399999999999995,1.1118218765065309
S_046,FW_093,PFOS,"water and 
 air breathing",0.16000000000000003,1.0202013400267558
S_046,FW_093,PFDS,"water and 
 air breathing",0.2,0.9607894391523233
S_046,FW_093,PFOA,"water and 
 air breathing",-0.55,2.0959355144943648
S_046,FW_093,PFNA,"water and 
 air breathing",0.19000000000000003,1.0408107741923882
S_046,FW_093,PFDA,"water and 
 air breathing",0.16999999999999996,0.9314618921275921
S_046,FW_093,PFUnDA,"water and 
 air breathing",0.33,0.787414882372688
S_046,FW_093,PFDoDA,"water and 
 air breathing",0.32000000000000006,0.8958341352965281
S_046,FW_093,PFTrDA,"water and 
 air breathing",0.2,0.8860339595928757
S_046,FW_093,PFTeDA,"water and 
 air breathing",0.20999999999999994,0.9900498337491681
S_046,FW_094,PFHxS,"water and 
 air breathing",0.2,1.3231298123374369
S_046,FW_094,PFOS,"water and 
 air breathing",0.3499999999999999,1.0408107741923884
S_046,FW_094,PFDS,"water and 
 air breathing",0.8000000000000002,0.6004955788122659
S_046,FW_094,PFOA,"water and 
 air breathing",-0.74,3.4212295362896734
S_046,FW_094,PFNA,"water and 
 air breathing",-0.32,2.2033964262559365
S_046,FW_094,PFDA,"water and 
 air breathing",0.027999999999999994,1.0010005001667084
S_046,FW_094,PFUnDA,"water and 
 air breathing",0.56,0.810584245970187
S_046,FW_094,PFDoDA,"water and 
 air breathing",0.07799999999999993,1.096364822080817
S_046,FW_094,PFTrDA,"water and 
 air breathing",0.21999999999999997,1.0512710963760241
S_046,FW_094,PFTeDA,"water and 
 air breathing",0.18,1.0512710963760241
S_047,FW_095,PFHxS,"water and 
 air breathing",-0.6931471805599453,1.5008704821474663
S_047,FW_095,PFOS,"water and 
 air breathing",0.5306282510621704,0.7160782205626822
S_047,FW_095,8:2 FTS,"water and 
 air breathing",0.5877866649021191,0.7243193211771424
S_047,FW_095,PFOA,"water and 
 air breathing",-0.35667494393873245,1.1889083917552326
S_047,FW_095,PFNA,"water and 
 air breathing",0.47000362924573563,0.7424925235559938
S_047,FW_095,PFDA,"water and 
 air breathing",0.6931471805599453,0.6342812993589307
S_047,FW_095,PFUnDA,"water and 
 air breathing",0.8329091229351039,0.5841460209044161
S_047,FW_095,PFDoDA,"water and 
 air breathing",0.9162907318741551,0.5553402707654518
S_047,FW_095,PFTrDA,"water and 
 air breathing",0.8329091229351039,0.5889574260856305
S_047,FW_095,PFTeDA,"water and 
 air breathing",0.6418538861723947,0.6676645256409798
S_047,FW_095,PFHxDA,"water and 
 air breathing",0.1823215567939546,1.1762177507682594
S_048,FW_096,PFHxA,"water and 
 air breathing",-0.040000000000000036,0.9226224530686894
S_048,FW_096,PFHpA,"water and 
 air breathing",-0.030000000000000023,0.9031721813193349
S_048,FW_096,PFOA,"water and 
 air breathing",-0.049999999999999996,0.8986000649804756
S_048,FW_096,PFNA,"water and 
 air breathing",0.002000000000000036,1.0808849455998648
S_048,FW_096,PFDA,"water and 
 air breathing",0.45000000000000007,0.7158129673212099
S_048,FW_096,PFUnDA,"water and 
 air breathing",0.62,0.6409121371896358
S_048,FW_096,PFDoDA,"water and 
 air breathing",0.4,0.7702636625956019
S_048,FW_096,PFBS,"water and 
 air breathing",-0.040000000000000036,0.8812875322661115
S_048,FW_096,PFHxS,"water and 
 air breathing",-0.3,0.9983294959405863
S_048,FW_096,PFOS,"water and 
 air breathing",0.59,0.6970155525213071
S_048,FW_096,PFCA,"water and 
 air breathing",0.24000000000000002,0.8366807290935715
S_048,FW_096,PFSA,"water and 
 air breathing",0.55,0.7142826445368952
S_049,FW_097,HFPO-TeA,"water and 
 air breathing",2.463766049503629,0.17995996607278258
S_049,FW_097,PFO5DoA,"water and 
 air breathing",1.7039129688155938,0.5607103538611742
S_049,FW_097,PFMOAA,"water and 
 air breathing",-3.3848000867012473,6.658880966281
S_049,FW_097,H-PFMO2OSA,"water and 
 air breathing",2.2565333911341647,0.2571017157601502
S_049,FW_097,HFPO-TrA,"water and 
 air breathing",1.4973884086254774,NA
S_049,FW_097,PFOS,"water and 
 air breathing",1.9572739077056285,NA
S_050,FW_098,PFOA,"water and 
 air breathing",-0.22,0.876319229752373
S_050,FW_098,PFOS,"water and 
 air breathing",1.45,0.3644590547297121
S_050,FW_098,PFNA,"water and 
 air breathing",0.56,0.7552925572920537
S_050,FW_098,PFDA,"water and 
 air breathing",0.7000000000000001,0.6725323493317747
S_050,FW_098,PFUnDA,"water and 
 air breathing",0.78,0.6205277811381253
S_050,FW_098,PFDoDA,"water and 
 air breathing",0.69,0.6731254658054926
S_050,FW_098,F53B,"water and 
 air breathing",1.25,0.5183411445924384
S_050,FW_098,8:2 Cl-PFESA,"water and 
 air breathing",1.64,0.39478131651252774
S_050,FW_098,HFPO-TrA,"water and 
 air breathing",0.9099999999999999,0.5307583046996257
S_050,FW_098,6:2 H-PFESA,"water and 
 air breathing",0.6,0.7392649962738888
S_050,FW_098,4:2 FTSA,"water and 
 air breathing",-1.17,1.861236311560121
S_050,FW_098,HFPO-DA,"water and 
 air breathing",-0.32,1.1722165657816026
S_050,FW_098,ADONA,"water and 
 air breathing",-0.75,0.44420921474459674
S_051,FW_099,PFNA,"water and 
 air breathing",0.6418538861723947,0.08055853920515577
S_051,FW_099,PFDA,"water and 
 air breathing",0.7884573603642703,0.09276437847866416
S_051,FW_099,PFDoDA,"water and 
 air breathing",0.26236426446749106,0.039246467817896334
S_051,FW_099,PFTrDA,"water and 
 air breathing",0.9162907318741551,0.24489795918367352
S_051,FW_099,PFOS,"water and 
 air breathing",0.26236426446749106,0.039246467817896334
S_051,FW_099,FOSA,"water and 
 air breathing",0.8754687373538999,0.1275510204081633
S_052,FW_100,PFOA,"water and 
 air breathing",-0.3799725920458774,1.7156551568948075
S_052,FW_101,PFOA,"water and 
 air breathing",-0.2406201422178778,1.4216739313080036
S_052,FW_101,PFUnDA,"water and 
 air breathing",-0.5653997695846879,2.0343234251104656
S_052,FW_102,PFOA,"water and 
 air breathing",-0.21545288715145286,1.5350057265092525
S_052,FW_103,PFTrDA,"water and 
 air breathing",2.2551748659292983,0.12118531609920423
S_053,FW_104,PFOS,"water and 
 air breathing",0.15233902975248606,0.9601078045256515
S_053,FW_105,PFOS,"water and 
 air breathing",0.49821033657112174,0.6955045892395351
S_054,FW_106,PFOS,"water and 
 air breathing",0.2275875105915315,0.8780313042816942
S_054,FW_107,PFOS,"water and 
 air breathing",0.11823774452524434,0.9870519253851504
S_056,FW_109,PFOS,"water and 
 air breathing",1.9157,0.23935678881470085
S_056,FW_110,PFOS,"water and 
 air breathing",0.376,1.420487325912195
S_057,FW_111,PFCs,"water and 
 air breathing",-0.41953100394351517,3.5302056037666043
S_058,FW_112,PFOS,"water and 
 air breathing",0.21625879193400085,0.8411045842389994
S_059,FW_113,PFDA,"water breathing 
 only",0.30340000000000006,0.9468638177415738
S_059,FW_113,PFDA,"water breathing 
 only",0.5783,0.7498365721471981
S_059,FW_113,PFDA,"water breathing 
 only",-0.03311,1.1590607745028858
S_059,FW_113,PFDA,"water breathing 
 only",0.718,0.5883695747726037
S_059,FW_113,PFUnDA,"water breathing 
 only",0.5057,0.7568425797075962
S_059,FW_113,PFUnDA,"water breathing 
 only",0.03359999999999991,1.0681198998352324
S_059,FW_113,PFUnDA,"water breathing 
 only",2.79999999999899e-4,1.1869654402532377
S_059,FW_113,PFUnDA,"water breathing 
 only",0.7508,0.5764307891457339
S_059,FW_113,PFUnDA,"water breathing 
 only",0.1852999999999999,0.9922303410619893
S_059,FW_113,PFDoDA,"water breathing 
 only",0.36840000000000006,0.9221014766862783
S_059,FW_113,PFDoDA,"water breathing 
 only",0.08859999999999993,1.0844793390784522
S_059,FW_113,PFDoDA,"water breathing 
 only",0.04930999999999992,1.0891417491621087
S_059,FW_113,PFDoDA,"water breathing 
 only",-0.06732999999999999,1.2636444922077779
S_059,FW_113,PFDoDA,"water breathing 
 only",0.6937999999999999,0.5925026105446651
S_059,FW_113,PFDoDA,"water breathing 
 only",-0.06564,1.2648328764835581
S_059,FW_113,PFTrDA,"water breathing 
 only",0.4555,0.9442163072962276
S_059,FW_113,PFTrDA,"water breathing 
 only",0.12360000000000008,1.0019018061437097
S_059,FW_113,PFTrDA,"water breathing 
 only",0.11789999999999991,0.9895549325678993
S_059,FW_113,PFTrDA,"water breathing 
 only",0.05048,1.0910275951746142
S_059,FW_113,PFTrDA,"water breathing 
 only",0.8100000000000002,0.5298824974183258
S_059,FW_113,PFTrDA,"water breathing 
 only",0.28060000000000007,0.8613968183062121
S_059,FW_113,PFTrDA,"water breathing 
 only",0.26059999999999994,0.8811741495435155
S_059,FW_113,PFOS,"water breathing 
 only",0.36090000000000005,0.7771670174812334
S_059,FW_113,FOSA,"water breathing 
 only",0.6399,0.6569811184181998
S_059,FW_113,6:2 Cl-PFESA,"water breathing 
 only",0.7490000000000001,0.530518738083278
S_059,FW_113,6:2 Cl-PFESA,"water breathing 
 only",0.4853,0.7213001006015286
S_059,FW_113,6:2 Cl-PFESA,"water breathing 
 only",0.34263999999999994,0.8099765357055452
S_059,FW_113,6:2 Cl-PFESA,"water breathing 
 only",0.2667999999999999,0.8529963589691316
S_059,FW_113,6:2 Cl-PFESA,"water breathing 
 only",0.29633999999999994,0.8205667655311262
S_059,FW_113,8:2 Cl-PFESA,"water breathing 
 only",0.33830000000000005,1.0062192597829778
S_059,FW_113,8:2 Cl-PFESA,"water breathing 
 only",-0.13550000000000006,1.5418762207006327
S_059,FW_113,8:2 Cl-PFESA,"water breathing 
 only",0.6803,0.6395439082748009
S_059,FW_113,10:2 Cl-PFESA,"water breathing 
 only",0.5235,0.7768562128393133
S_059,FW_113,10:3 FTCA,"water breathing 
 only",0.5273000000000001,0.880293415834221
S_060,FW_114,PFHxS,"water and 
 air breathing",1.2072453642567782,0.6256046959640025
S_060,FW_114,PFOS,"water and 
 air breathing",1.2102387248776703,2.269342256355059
S_060,FW_114,PFPeA,"water and 
 air breathing",0.6088034985876258,0.8239483720449873
S_060,FW_114,PFHxA,"water and 
 air breathing",1.1446150497273402,0.913061435293176
S_060,FW_114,PFHpA,"water and 
 air breathing",0.8901793969514981,0.7289537928556994
S_060,FW_114,PFOA,"water and 
 air breathing",-0.098965107296884125,2.700536179708991
S_060,FW_114,PFNA,"water and 
 air breathing",-0.541798272381499,2.0464446367246745
S_060,FW_114,PFDA,"water and 
 air breathing",-0.10283345025311405,1.5929788143980552
S_060,FW_114,PFUnDA,"water and 
 air breathing",-0.5516072848776536,4.569408655387637
S_061,FW_115,PFNA,"water and 
 air breathing",1.6695918352538475,1.458549521503517
S_061,FW_115,PFOS,"water and 
 air breathing",3.0301337002713233,1.096076111604062
S_061,FW_116,PFNA,"water and 
 air breathing",1.2412685890696329,1.0086115371003894
S_061,FW_116,PFOS,"water and 
 air breathing",2.060513531794317,0.9157675809177174
S_061,FW_117,PFNA,"water and 
 air breathing",1.2809338454620642,0.753968253968254
S_061,FW_117,PFOS,"water and 
 air breathing",1.8293763327993617,0.7894650637140891
S_061,FW_118,PFNA,"water and 
 air breathing",1.6505798557652755,0.7334795722511653
S_061,FW_118,PFOS,"water and 
 air breathing",1.3001916620664788,1.299838736584552
S_061,FW_119,PFNA,"water and 
 air breathing",1.0885619528146082,0.7146292860578575
S_061,FW_119,PFOS,"water and 
 air breathing",1.8500283773520307,0.5767873187010654
S_061,FW_120,PFNA,"water and 
 air breathing",0.9555114450274363,0.6456043956043956
S_061,FW_120,PFOS,"water and 
 air breathing",1.8702625307159986,0.8498160435206439
S_061,FW_121,PFOA,"water and 
 air breathing",0.25464221837358075,0.14728682170542634
S_061,FW_121,PFNA,"water and 
 air breathing",1.0116009116784799,0.22545454545454546
S_061,FW_121,PFDA,"water and 
 air breathing",1.1786549963416462,0.19076923076923077
S_061,FW_121,PFUnDA,"water and 
 air breathing",0.8064758658669485,0.14732142857142858
S_061,FW_121,PFDoDA,"water and 
 air breathing",0.712949807856125,0.20098039215686272
S_061,FW_121,PFTrDA,"water and 
 air breathing",0.47000362924573563,0.20625
S_061,FW_121,PFTeDA,"water and 
 air breathing",0.45107561936021673,0.22929936305732482
S_061,FW_121,PFHxDA,"water and 
 air breathing",-0.2231435513142097,0.125
S_061,FW_121,PFBS,"water and 
 air breathing",-0.579818495252942,0.17857142857142858
S_061,FW_121,PFHxS,"water and 
 air breathing",0.0769610411361284,0.16666666666666666
S_061,FW_121,PFOS,"water and 
 air breathing",1.6428726885203377,0.195357833655706
S_061,FW_121,PFDS,"water and 
 air breathing",1.0715836162801904,0.2876712328767123
S_061,FW_121,PFOA,"water and 
 air breathing",0.27763173659827955,0.14393939393939392
S_061,FW_121,PFNA,"water and 
 air breathing",1.0402767116551463,0.22614840989399293
S_061,FW_121,PFDA,"water and 
 air breathing",1.199964782928397,0.18674698795180725
S_061,FW_121,PFUnDA,"water and 
 air breathing",0.8064758658669485,0.14732142857142858
S_061,FW_121,PFDoDA,"water and 
 air breathing",0.9555114450274363,0.18076923076923077
S_061,FW_121,PFTrDA,"water and 
 air breathing",0.7371640659767196,0.18181818181818182
S_061,FW_121,PFTeDA,"water and 
 air breathing",0.7030975114131134,0.19801980198019803
S_061,FW_121,PFHxDA,"water and 
 air breathing",0.02955880224154443,0.11650485436893203
S_061,FW_121,PFBS,"water and 
 air breathing",-0.5621189181535413,0.1929824561403509
S_061,FW_121,PFHxS,"water and 
 air breathing",0.11332868530700327,0.1607142857142857
S_061,FW_121,PFOS,"water and 
 air breathing",1.6937790608678513,0.19117647058823528
S_061,FW_121,PFDS,"water and 
 air breathing",1.2029723039923526,0.2732732732732733
S_061,FW_121,PFOA,"water and 
 air breathing",0.08617769624105241,0.16513761467889906
S_061,FW_121,PFNA,"water and 
 air breathing",0.85015092936961,0.23931623931623935
S_061,FW_121,PFDA,"water and 
 air breathing",0.9932517730102834,0.1925925925925926
S_061,FW_121,PFUnDA,"water and 
 air breathing",0.5933268452777344,0.14917127071823205
S_061,FW_121,PFDoDA,"water and 
 air breathing",0.7419373447293773,0.18095238095238095
S_061,FW_121,PFTrDA,"water and 
 air breathing",0.5247285289349821,0.17751479289940827
S_061,FW_121,PFTeDA,"water and 
 air breathing",0.4885800148186709,0.19631901840490798
S_061,FW_121,PFHxDA,"water and 
 air breathing",-0.18632957819149348,0.12048192771084339
S_061,FW_121,PFBS,"water and 
 air breathing",-0.7339691750802004,0.20833333333333334
S_061,FW_121,PFHxS,"water and 
 air breathing",-0.08338160893905101,0.1847826086956522
S_061,FW_121,PFOS,"water and 
 air breathing",1.4838746894587547,0.19047619047619047
S_061,FW_121,PFDS,"water and 
 air breathing",1.0296194171811581,0.28571428571428575
S_061,FW_121,PFOA,"water and 
 air breathing",0.02955880224154443,0.11650485436893203
S_061,FW_121,PFNA,"water and 
 air breathing",0.8064758658669485,0.20982142857142855
S_061,FW_121,PFDA,"water and 
 air breathing",0.9858167945227654,0.19029850746268656
S_061,FW_121,PFUnDA,"water and 
 air breathing",0.5709795465857378,0.14689265536723164
S_061,FW_121,PFDoDA,"water and 
 air breathing",0.7275486072772777,0.19323671497584544
S_061,FW_121,PFTrDA,"water and 
 air breathing",0.5007752879124892,0.2
S_061,FW_121,PFTeDA,"water and 
 air breathing",0.4637340162321402,0.220125786163522
S_061,FW_121,PFHxDA,"water and 
 air breathing",-0.21072103131565253,0.1111111111111111
S_061,FW_121,PFBS,"water and 
 air breathing",-0.7985076962177716,0.17777777777777778
S_061,FW_121,PFHxS,"water and 
 air breathing",-0.12783337150988489,0.14772727272727273
S_061,FW_121,PFOS,"water and 
 air breathing",1.4469189829363254,0.16941176470588235
S_061,FW_121,PFDS,"water and 
 air breathing",1.0296194171811581,0.2892857142857143
S_061,FW_121,PFOA,"water and 
 air breathing",-0.23572233352106983,0.21518987341772153
S_061,FW_121,PFNA,"water and 
 air breathing",0.5766133643039938,0.2752808988764045
S_061,FW_121,PFDA,"water and 
 air breathing",0.7030975114131134,0.23267326732673266
S_061,FW_121,PFUnDA,"water and 
 air breathing",0.11332868530700327,0.18749999999999997
S_061,FW_121,PFDoDA,"water and 
 air breathing",0.29266961396282004,0.21641791044776115
S_061,FW_121,PFTrDA,"water and 
 air breathing",0.03922071315328133,0.22115384615384615
S_061,FW_121,PFTeDA,"water and 
 air breathing",0,0.25
S_061,FW_121,PFHxDA,"water and 
 air breathing",-0.6733445532637656,0.1568627450980392
S_061,FW_121,PFBS,"water and 
 air breathing",-1.0498221244986778,0.2571428571428572
S_061,FW_121,PFHxS,"water and 
 air breathing",-0.4307829160924542,0.23076923076923075
S_061,FW_121,PFOS,"water and 
 air breathing",1.1786549963416462,0.23076923076923078
S_061,FW_121,PFDS,"water and 
 air breathing",0.712949807856125,0.34313725490196073
S_061,FW_121,PFOA,"water and 
 air breathing",0.5128236264286637,0.11976047904191618
S_061,FW_121,PFNA,"water and 
 air breathing",1.2781522025001875,0.20334261838440112
S_061,FW_121,PFDA,"water and 
 air breathing",1.4655675420143985,0.18475750577367206
S_061,FW_121,PFUnDA,"water and 
 air breathing",1.0818051703517284,0.14576271186440676
S_061,FW_121,PFDoDA,"water and 
 air breathing",1.2296405510745139,0.1842105263157895
S_061,FW_121,PFTrDA,"water and 
 air breathing",1.007957920399979,0.1897810218978102
S_061,FW_121,PFTeDA,"water and 
 air breathing",0.9745596399981308,0.2075471698113208
S_061,FW_121,PFHxDA,"water and 
 air breathing",0.30010459245033816,0.0962962962962963
S_061,FW_121,PFBS,"water and 
 air breathing",-0.3285040669720361,0.1527777777777778
S_061,FW_121,PFHxS,"water and 
 air breathing",0.35065687161316933,0.13380281690140847
S_061,FW_121,PFOS,"water and 
 air breathing",1.9671123567059163,0.1902097902097902
S_061,FW_121,PFDS,"water and 
 air breathing",1.4134230285081433,0.26034063260340634
S_061,FW_121,PFOA,"water and 
 air breathing",0.5128236264286637,0.1317365269461078
S_061,FW_121,PFNA,"water and 
 air breathing",1.2892326482767593,0.21763085399449036
S_061,FW_121,PFDA,"water and 
 air breathing",1.47932922708708,0.19817767653758545
S_061,FW_121,PFUnDA,"water and 
 air breathing",1.0296194171811581,0.15714285714285717
S_061,FW_121,PFDoDA,"water and 
 air breathing",1.1786549963416462,0.2
S_061,FW_121,PFTrDA,"water and 
 air breathing",0.9516578757114463,0.20849420849420852
S_061,FW_121,PFTeDA,"water and 
 air breathing",0.9162907318741551,0.22799999999999998
S_061,FW_121,PFHxDA,"water and 
 air breathing",0.23901690047049992,0.11811023622047244
S_061,FW_121,PFBS,"water and 
 air breathing",-0.342490308946776,0.16901408450704225
S_061,FW_121,PFHxS,"water and 
 air breathing",0.3148107398400336,0.145985401459854
S_061,FW_121,PFOS,"water and 
 air breathing",1.9242486522741338,0.18394160583941607
S_061,FW_121,PFDS,"water and 
 air breathing",1.4838746894587547,0.2947845804988662
S_062,FW_122,PFOS,"water and 
 air breathing",0.08708000000000009,1.1011554085947644
S_063,FW_123,PFBA,"water and 
 air breathing",0.5068176023684519,1.0025775432686528
S_063,FW_123,PFPeA,"water and 
 air breathing",-0.34009181823522056,3.766170697141668
S_063,FW_123,PFHxA,"water and 
 air breathing",-1.2017191600335926,8.908405964008207
S_063,FW_123,PFBS,"water and 
 air breathing",-0.10969515383023637,2.2063784142397367
S_063,FW_123,PFHpA,"water and 
 air breathing",0.09997824473780142,1.3457364014447246
S_063,FW_123,PFOA,"water and 
 air breathing",1.0543120297715298,0.9681616598005178
S_063,FW_123,PF4OPeA,"water and 
 air breathing",-1.0788096613719298,1.4391499324635153
S_063,FW_123,PFNA,"water and 
 air breathing",-0.5791001508880025,4.215023497210443
S_063,FW_123,PFDA,"water and 
 air breathing",1.5372058080828248,0.3867229981193769
S_063,FW_123,PFOS,"water and 
 air breathing",2.65745841498615,0.23758133621787303
S_063,FW_123,PFUnDA,"water and 
 air breathing",1.7098996900573784,0.4077556617502123
S_063,FW_123,F53B,"water and 
 air breathing",1.5602476682433286,0.3858208520611602
S_063,FW_123,PFDoDA,"water and 
 air breathing",1.1826077037617417,0.4847301126243662
S_063,FW_123,PFTrDA,"water and 
 air breathing",0.8712981991889469,0.8772027812959952
S_063,FW_123,PFTeDA,"water and 
 air breathing",1.258362753321246,0.5371554667486634
S_064,FW_124,PFNA,"water and 
 air breathing",0.2054366419969287,0.8645696780339128
S_065,FW_125,PFCs,"water and 
 air breathing",0.15726656185149337,0.9275343455086749
S_066,FW_126,PFBA,"water and 
 air breathing",0.0055423223188367085,1.3089890090362677
S_066,FW_126,PFHxA,"water and 
 air breathing",0.3023524485610482,0.8193510224618733
S_066,FW_126,PFHpA,"water and 
 air breathing",0.30856942831213197,0.7995580497438666
S_066,FW_126,PFOA,"water and 
 air breathing",0.33986155972592114,0.8068633703638189
S_066,FW_126,PFNA,"water and 
 air breathing",0.22422573635576018,0.8515496994516438
S_066,FW_126,PFDA,"water and 
 air breathing",0.5733436881555174,0.6603740516290116
S_066,FW_126,PFUnDA,"water and 
 air breathing",0.8365521901356668,0.5351924768916027
S_066,FW_126,PFDoDA,"water and 
 air breathing",0.7989970272689337,0.6247409879015537
S_066,FW_126,PFTrDA,"water and 
 air breathing",0.8987219876465059,0.4987696282857757
S_066,FW_126,PFTeDA,"water and 
 air breathing",0.43380703152007827,0.9558725718846912
S_066,FW_126,PFBS,"water and 
 air breathing",0.06979135416864957,1.1001958438342865
S_066,FW_126,PFHxS,"water and 
 air breathing",0.05415680138721997,1.109098198826815
S_066,FW_126,PFHpS,"water and 
 air breathing",-0.014315171523143929,1.0764726496137798
S_066,FW_126,PFOS,"water and 
 air breathing",0.31959881090757347,0.8301565521596473
S_066,FW_126,HFPO-DA,"water and 
 air breathing",0.1632302572423479,0.9044613228162292
S_066,FW_126,HFPO-TrA,"water and 
 air breathing",0.0825937272856964,0.9992864533167718
S_066,FW_126,6:2 Cl-PFESA,"water and 
 air breathing",-0.27423788457559084,1.6305345287274202
S_066,FW_126,8:2 Cl-PFESA,"water and 
 air breathing",-0.14635230851070155,1.3746115857887027
